PAIR,N_EXPOSED,A_SERIOUS_EXPOSED,ROR,CI_LOWER,CI_UPPER,PRIORITY_REASON,RISK_CLASSES,RISK_CLASS_STR
ACETAMINOPHEN + COSENTYX,320,288,8.705127193705938,6.041559521619856,12.542993110871606,TOP_ROR,[],NONE
PHTHALYLSULFATHIAZOLE + SULFASALAZINE,320,288,8.705127193705938,6.041559521619856,12.542993110871606,TOP_ROR,[],NONE
ADALIMUMAB + PSEUDOEPHEDRINE HYDROCHLORIDE,140,126,8.702144285847426,5.009745464339207,15.116000545487903,TOP_ROR,['BIOLOGICS'],BIOLOGICS
PREGABALIN + TRIAMCINOLONE ACETONIDE,110,99,8.70164735906406,4.667242745930834,16.22342588191333,TOP_ROR,[],NONE
TOCILIZUMAB + TOFACITINIB CITRATE,100,90,8.701481731051835,4.527390389789881,16.723935379326292,TOP_ROR,['BIOLOGICS'],BIOLOGICS
FOSAMAX + SULFASALAZINE,239,215,8.663485088230889,5.681822372300772,13.2098416592362,TOP_ROR,[],NONE
ADALIMUMAB + XELJANZ,199,179,8.654766878262366,5.452011319681605,13.738964452744703,TOP_ROR,['BIOLOGICS'],BIOLOGICS
ADALIMUMAB + CETIRIZINE,189,170,8.652057384706746,5.385231201634066,13.900628252607616,TOP_ROR,['BIOLOGICS'],BIOLOGICS
FLUMETHASONE PIVALATE + FOLIC ACID,189,170,8.652057384706746,5.385231201634066,13.900628252607616,TOP_ROR,[],NONE
DICLOFENAC SODIUM + FOLIC ACID,566,509,8.64128271036136,6.571605601065533,11.362788854565874,TOP_ROR,[],NONE
KETAMINE + OLANZAPINE,109,98,8.613731348211825,4.618620122511057,16.06461795321411,TOP_ROR,[],NONE
PANTOPRAZOLE + PEMBROLIZUMAB,109,98,8.613731348211825,4.618620122511057,16.06461795321411,TOP_ROR,['ANTINEOPLASTICS'],ANTINEOPLASTICS
ALENDRONATE SODIUM + RAMIPRIL,188,169,8.601142373114168,5.352785851495051,13.820775232754222,TOP_ROR,[],NONE
CETIRIZINE HYDROCHLORIDE + FLUMETHASONE PIVALATE,158,142,8.581566872587794,5.117824729508592,14.38956859231234,TOP_ROR,[],NONE
CHOLECALCIFEROL + FOSAMAX,128,115,8.553185986526808,4.820020924986346,15.177732972253803,TOP_ROR,[],NONE
CANDESARTAN + DESOXIMETASONE,167,150,8.531940081218215,5.166593301542843,14.089361654953606,TOP_ROR,[],NONE
DICLOFENAC SODIUM + METHYLPREDNISOLONE SODIUM SUCCINATE,167,150,8.531940081218215,5.166593301542843,14.089361654953606,TOP_ROR,[],NONE
FLUDARABINE + ONDANSETRON,108,97,8.52581575751783,4.569998970226523,15.905809783483663,TOP_ROR,[],NONE
PANTOPRAZOLE SODIUM + XELJANZ,157,141,8.521112939303997,5.080828643575112,14.290851122521344,TOP_ROR,[],NONE
DICLOFENAC SODIUM + HYDROXYCHLOROQUINE SULFATE,255,229,8.518045089832889,5.677673843783724,12.779369535618237,TOP_ROR,[],NONE
ALENDRONATE SODIUM + ORENCIA,196,176,8.509653904892557,5.358477986540805,13.513951118757989,TOP_ROR,[],NONE
ERELZI + TOCILIZUMAB,137,123,8.494889473339233,4.887140870392104,14.765923282759797,TOP_ROR,['BIOLOGICS'],BIOLOGICS
CORTISONE ACETATE + FOSAMAX,215,193,8.483583764237885,5.457901422753352,13.186605603538602,TOP_ROR,[],NONE
ALENDRONATE SODIUM + ENBREL,205,184,8.472956637955456,5.394629171433305,13.307864527340476,TOP_ROR,['BIOLOGICS'],BIOLOGICS
CALCIUM CARBONATE + LORAZEPAM,117,105,8.460035318125989,4.6556302936779455,15.37325626588727,TOP_ROR,[],NONE
ALENDRONIC ACID + PHTHALYLSULFATHIAZOLE,136,122,8.425805196201765,4.846274489219391,14.649230736366317,TOP_ROR,[],NONE
ADALIMUMAB + TRIAMCINOLONE ACETONIDE,126,113,8.404394758832549,4.733732323015863,14.921386855539636,TOP_ROR,['BIOLOGICS'],BIOLOGICS
ALENDRONATE SODIUM + XELJANZ,155,139,8.400205939567163,5.006838574193474,14.093416190975592,TOP_ROR,[],NONE
ALENDRONIC ACID + FOLIC ACID,348,312,8.383113183113183,5.93693985525494,11.837173418336448,TOP_ROR,[],NONE
ALENDRONATE SODIUM + DICLOFENAC DIETHYLAMMONIUM,116,104,8.379443529765048,4.6099224538861785,15.2312917561834,TOP_ROR,[],NONE
DICLOFENAC SODIUM + METHOTREXATE,637,571,8.373021534335933,6.489314041789842,10.80352856449472,TOP_ROR,['ANTINEOPLASTICS'],ANTINEOPLASTICS
RAMIPRIL + XELJANZ,154,138,8.339752873109985,4.969844612264161,13.99469871007898,TOP_ROR,[],NONE
LANSOPRAZOLE + LANTUS,125,112,8.329999678319172,4.690589657424773,14.793213584769935,TOP_ROR,[],NONE
ARAVA + CETIRIZINE HYDROCHLORIDE\PSEUDOEPHEDRINE HYDROCHLORIDE,144,129,8.315421380401379,4.8715431871459405,14.19390736719438,TOP_ROR,[],NONE
CETIRIZINE HYDROCHLORIDE\PSEUDOEPHEDRINE HYDROCHLORIDE + DICLOFENAC SODIUM,144,129,8.315421380401379,4.8715431871459405,14.19390736719438,TOP_ROR,[],NONE
DARATUMUMAB/HYALURONIDASE-FIHJ + DEXAMETHASONE,153,137,8.279300095590871,4.9328513803500424,13.895981205901814,TOP_ROR,[],NONE
AIMOVIG + PREDNISONE,153,137,8.279300095590871,4.9328513803500424,13.895981205901814,TOP_ROR,[],NONE
CASPOFUNGIN + CYCLOPHOSPHAMIDE,105,94,8.262071506355163,4.42414471303273,15.429383531474206,TOP_ROR,['ANTINEOPLASTICS'],ANTINEOPLASTICS
DESOXIMETASONE + IBUPROFEN,105,94,8.262071506355163,4.42414471303273,15.429383531474206,TOP_ROR,[],NONE
METHOTREXATE + OXYCODONE,486,435,8.252469830841136,6.174219601802655,11.030261749850846,TOP_ROR,"['OPIOIDS', 'ANTINEOPLASTICS']","OPIOIDS, ANTINEOPLASTICS"
CETIRIZINE HYDROCHLORIDE\PSEUDOEPHEDRINE HYDROCHLORIDE + PHTHALYLSULFATHIAZOLE,171,153,8.219140891992524,5.043248926520483,13.394991599003175,TOP_ROR,[],NONE
CHOLECALCIFEROL + DESOXIMETASONE,161,144,8.190545033120681,4.954591028179561,13.539972836915773,TOP_ROR,[],NONE
CETIRIZINE HYDROCHLORIDE + STELARA,161,144,8.190545033120681,4.954591028179561,13.539972836915773,TOP_ROR,[],NONE
ACETAMINOPHEN + CHLORHEXIDINE GLUCONATE,198,177,8.150479536476524,5.184573547264349,12.813072486853752,TOP_ROR,[],NONE
HYDROXYCHLOROQUINE + METHYLPREDNISOLONE SODIUM SUCCINATE,113,101,8.137670475635186,4.472806898432779,14.805396761757804,TOP_ROR,[],NONE
ACTEMRA + CETIRIZINE HYDROCHLORIDE\PSEUDOEPHEDRINE HYDROCHLORIDE,160,143,8.1336468102837,4.919259611982441,13.448408023291442,TOP_ROR,['BIOLOGICS'],BIOLOGICS
EPCORITAMAB + RITUXIMAB,216,193,8.114712240241204,5.266164258757777,12.504082954194311,TOP_ROR,['BIOLOGICS'],BIOLOGICS
METHYLPREDNISOLONE SODIUM SUCCINATE + NAPROXEN,122,109,8.106816570083456,4.561168477452167,14.408692690450808,TOP_ROR,[],NONE
ALENDRONIC ACID + PANTOPRAZOLE,122,109,8.106816570083456,4.561168477452167,14.408692690450808,TOP_ROR,[],NONE
DICLOFENAC POTASSIUM + NAPROXEN,159,142,8.076748859397503,4.883928877674527,13.356843183359343,TOP_ROR,[],NONE
CETIRIZINE + HYDROXYCHLOROQUINE,168,150,8.057923494655906,4.941786448845976,13.138999776263168,TOP_ROR,[],NONE
LINEZOLID + PANTOPRAZOLE,112,100,8.057080227900348,4.42710447238728,14.66343118932926,TOP_ROR,[],NONE
HYDROXYCHLOROQUINE SULFATE + RAMIPRIL,149,133,8.037491874853627,4.784885988096433,13.501110747267427,TOP_ROR,[],NONE
DOXYCYCLINE HYCLATE + METHOTREXATE,121,108,8.032422911764527,4.5180304375195055,14.280518629897164,TOP_ROR,['ANTINEOPLASTICS'],ANTINEOPLASTICS
HYDROCORTISONE + NAPROXEN,186,166,8.025959022133211,5.046730484362089,12.763910897275448,TOP_ROR,[],NONE
ERELZI + INFLIXIMAB,288,257,8.018126991887096,5.5235819172823515,11.639251742945058,TOP_ROR,['BIOLOGICS'],BIOLOGICS
CORTISONE ACETATE + LEFLUNOMIDE,288,257,8.018126991887096,5.5235819172823515,11.639251742945058,TOP_ROR,[],NONE
PANTOPRAZOLE + PIPERACILLIN SODIUM\TAZOBACTAM SODIUM,195,174,8.012278367477656,5.094556352502959,12.601019636657972,TOP_ROR,[],NONE
DICLOFENAC DIETHYLAMMONIUM + RAMIPRIL,102,91,7.998331036508223,4.278305103172565,14.952953991554155,TOP_ROR,[],NONE
EPCORITAMAB + PREDNISONE,148,132,7.977040541993763,4.7478965856390065,13.402392967252863,TOP_ROR,[],NONE
CYCLOPHOSPHAMIDE + LEUCOVORIN CALCIUM,148,132,7.977040541993763,4.7478965856390065,13.402392967252863,TOP_ROR,['ANTINEOPLASTICS'],ANTINEOPLASTICS
ALENDRONIC ACID + HYDROXYCHLOROQUINE,157,140,7.96295377346966,4.813269496163643,13.17371338732513,TOP_ROR,[],NONE
CETIRIZINE HYDROCHLORIDE + KEVZARA,120,107,7.958029608987839,4.474893616989132,14.152344318776889,TOP_ROR,[],NONE
BACTRIM + LENALIDOMIDE,184,164,7.929222819969265,4.9843869007356645,12.613903330706885,TOP_ROR,[],NONE
FOSAMAX + PSEUDOEPHEDRINE HYDROCHLORIDE,156,139,7.906056638424115,4.777940870382289,13.08214841197247,TOP_ROR,[],NONE
HYDROCORTISONE + STELARA,110,98,7.895900887876782,4.335703959643896,14.37949901826183,TOP_ROR,[],NONE
ERELZI + XELJANZ,238,212,7.88538070832663,5.247283513744509,11.849794041503602,TOP_ROR,[],NONE
LEFLUNOMIDE + METHYLPREDNISOLONE SODIUM SUCCINATE,119,106,7.883636661750842,4.431758042851576,14.02416973434564,TOP_ROR,[],NONE
DICLOFENAC SODIUM + TRIAMCINOLONE ACETONIDE,183,163,7.880855065675009,4.953215887298719,12.538899571374534,TOP_ROR,[],NONE
ALENDRONIC ACID + REMICADE,128,114,7.87314286533591,4.5193786856827955,13.715685913720844,TOP_ROR,['BIOLOGICS'],BIOLOGICS
ARAVA + ASCORBIC ACID,146,130,7.856138743048867,4.673920206924188,13.204957127552118,TOP_ROR,[],NONE
CETIRIZINE + ENBREL,146,130,7.856138743048867,4.673920206924188,13.204957127552118,TOP_ROR,['BIOLOGICS'],BIOLOGICS
ACTEMRA + CHOLECALCIFEROL,155,138,7.849159775321555,4.742612969352595,12.990583371793909,TOP_ROR,['BIOLOGICS'],BIOLOGICS
PIPERACILLIN SODIUM\TAZOBACTAM SODIUM + PREDNISONE,237,211,7.848166757616631,5.221969202417386,11.7951138867011,TOP_ROR,[],NONE
DICLOFENAC DIETHYLAMMONIUM + DICLOFENAC SODIUM,264,235,7.837014911053289,5.328484029781269,11.52650592040768,TOP_ROR,[],NONE
FUROSEMIDE + OXAZEPAM,182,162,7.8324875425703535,4.922045401381467,12.463895820079449,TOP_ROR,[],NONE
HYDROCORTISONE + SULFAMETHOXAZOLE / TRIMETHOPRIM,191,170,7.828013224901975,4.974539952574054,12.318283023846712,TOP_ROR,[],NONE
OLANZAPINE + SULFAMETHOXAZOLE / TRIMETHOPRIM,100,89,7.822506157301067,4.1810874235528726,14.63533200389664,TOP_ROR,[],NONE
SULFASALAZINE + ZOPICLONE,100,89,7.822506157301067,4.1810874235528726,14.63533200389664,TOP_ROR,[],NONE
ADALIMUMAB + KORTISON,100,89,7.822506157301067,4.1810874235528726,14.63533200389664,TOP_ROR,['BIOLOGICS'],BIOLOGICS
HYDROCORTISONE ACETATE + METHOTREXATE,109,97,7.815311795582531,4.290005944387461,14.23753236101692,TOP_ROR,['ANTINEOPLASTICS'],ANTINEOPLASTICS
CALCIUM CARBONATE + MIRTAZAPINE,109,97,7.815311795582531,4.290005944387461,14.23753236101692,TOP_ROR,[],NONE
DESOXIMETASONE + PHTHALYLSULFATHIAZOLE,236,210,7.810952984803364,5.196655214409831,11.740433800886176,TOP_ROR,[],NONE
AIMOVIG + DOMPERIDONE MALEATE,118,105,7.809244070050987,4.388623743065684,13.895994853052908,TOP_ROR,[],NONE
PHENOBARBITAL + PROPOFOL,127,113,7.80406155972141,4.4785214096012185,13.598992001546414,TOP_ROR,[],NONE
NAPROXEN SODIUM + PREDNISONE,272,242,7.801553900887226,5.338369423814362,11.401279760994898,TOP_ROR,[],NONE
ACETAMINOPHEN + CIMZIA,290,258,7.797783861506135,5.40039691318053,11.259437802128986,TOP_ROR,[],NONE
RAMIPRIL + VITAMIN D2,145,129,7.7956882769596945,4.636933258329161,13.10623904330795,TOP_ROR,[],NONE
CIMZIA + DICLOFENAC SODIUM,252,224,7.736783606580888,5.223085146452709,11.460242155100907,TOP_ROR,[],NONE
ADALIMUMAB + CELECOXIB,216,192,7.736268358847501,5.060903344652628,11.825921983541257,TOP_ROR,['BIOLOGICS'],BIOLOGICS
ENBREL + PSEUDOEPHEDRINE HYDROCHLORIDE,180,160,7.735753189923212,4.859706038824746,12.313888316972989,TOP_ROR,['BIOLOGICS'],BIOLOGICS
ETOPOSIDE + ONDANSETRON,171,152,7.735624410003943,4.801294886087293,12.463280517521811,TOP_ROR,[],NONE
CETIRIZINE HYDROCHLORIDE\PSEUDOEPHEDRINE HYDROCHLORIDE + ENBREL,135,120,7.7351093395656045,4.5221345050997925,13.230901563754948,TOP_ROR,['BIOLOGICS'],BIOLOGICS
CELECOXIB + HYDROXYCHLOROQUINE SULFATE,135,120,7.7351093395656045,4.5221345050997925,13.230901563754948,TOP_ROR,[],NONE
APIXABAN + OLANZAPINE,117,104,7.734851833885726,4.345490746602466,13.767819650505992,TOP_ROR,['ANTICOAGULANTS'],ANTICOAGULANTS
COSENTYX + ORENCIA,251,223,7.702225983661528,5.1992465614856105,11.410169608582612,TOP_ROR,[],NONE
LEFLUNOMIDE + PSEUDOEPHEDRINE HYDROCHLORIDE,233,207,7.699312733731205,5.120715217900042,11.576393931179297,TOP_ROR,[],NONE
ARAVA + DESOXIMETASONE,420,373,7.677427844382633,5.668250274322718,10.398781890897478,TOP_ROR,[],NONE
CEFTAZIDIME + CIPROFLOXACIN,107,95,7.654134766415288,4.198614585316411,13.953597748013376,TOP_ROR,[],NONE
CELECOXIB + INFLIXIMAB,196,174,7.648064993635041,4.9082968363107575,11.917147657848462,TOP_ROR,['BIOLOGICS'],BIOLOGICS
NAPROXEN + OXYCODONE,187,166,7.64375160538355,4.854531333250662,12.03554670759126,TOP_ROR,['OPIOIDS'],OPIOIDS
CETIRIZINE HYDROCHLORIDE\PSEUDOEPHEDRINE HYDROCHLORIDE + ORENCIA,187,166,7.64375160538355,4.854531333250662,12.03554670759126,TOP_ROR,[],NONE
CIMZIA + CORTISONE ACETATE,258,229,7.636811386255395,5.189483706753406,11.23828331387636,TOP_ROR,[],NONE
CORTISONE ACETATE + RITUXIMAB,249,221,7.633111233431288,5.151570269774828,11.310024720769578,TOP_ROR,['BIOLOGICS'],BIOLOGICS
CELECOXIB + CHOLECALCIFEROL,160,142,7.628021736561688,4.6712478169150105,12.456353825365088,TOP_ROR,[],NONE
GOLIMUMAB + PREDNISONE,151,134,7.6215750423021715,4.6013088467337955,12.624322352688186,TOP_ROR,[],NONE
ALENDRONATE SODIUM + PHTHALYLSULFATHIAZOLE,151,134,7.6215750423021715,4.6013088467337955,12.624322352688186,TOP_ROR,[],NONE
LEFLUNOMIDE + SULFAMETHOXAZOLE / TRIMETHOPRIM,151,134,7.6215750423021715,4.6013088467337955,12.624322352688186,TOP_ROR,[],NONE
ALLOPURINOL + POLYETHYLENE GLYCOL,142,126,7.61433861220042,4.525977550245112,12.81008397801406,TOP_ROR,[],NONE
CETIRIZINE HYDROCHLORIDE\PSEUDOEPHEDRINE HYDROCHLORIDE + PREDNISONE,204,181,7.6099522847477665,4.9310752124752675,11.744167606615717,TOP_ROR,[],NONE
ACTEMRA + OXYCODONE,186,165,7.5976867509698,4.824530438101713,11.964862634087718,TOP_ROR,"['BIOLOGICS', 'OPIOIDS']","BIOLOGICS, OPIOIDS"
DICLOFENAC + HYDROCORTISONE,186,165,7.5976867509698,4.824530438101713,11.964862634087718,TOP_ROR,[],NONE
SIMPONI + STELARA,230,204,7.587674083683721,5.044778232751327,11.412354586062047,TOP_ROR,[],NONE
ALPRAZOLAM + PERPRAZOLE,168,149,7.582893246336438,4.703990095961876,12.223722587064048,TOP_ROR,[],NONE
ALENDRONIC ACID + NAPROXEN,159,141,7.574285172598933,4.637433519680922,12.371022815179758,TOP_ROR,[],NONE
ACETAMINOPHEN + HYDROCORTISONE ACETATE,106,94,7.573546829536775,4.152921321726559,13.81162972655112,TOP_ROR,[],NONE
MEROPENEM + PREDNISONE,247,219,7.563997144004458,5.103895164381492,11.209880091931904,TOP_ROR,[],NONE
ALENDRONATE SODIUM + CETIRIZINE HYDROCHLORIDE,247,219,7.563997144004458,5.103895164381492,11.209880091931904,TOP_ROR,[],NONE
(-)-ARTERENOL + DOBUTAMINE,123,109,7.527739638813578,4.315103698969401,13.132213736439116,TOP_ROR,[],NONE
ALENDRONATE SODIUM + CALCIUM CARBONATE,202,179,7.525828440390615,4.875232868831594,11.617515560393375,TOP_ROR,[],NONE
CHOLECALCIFEROL + COSENTYX,184,163,7.505557702690276,4.764530203059466,11.82349445329148,TOP_ROR,[],NONE
HYDROXYCHLOROQUINE SULFATE + PSEUDOEPHEDRINE HYDROCHLORIDE,175,155,7.493921354007342,4.703867348634107,11.9388692532655,TOP_ROR,[],NONE
FOSAMAX + TOCILIZUMAB,105,93,7.492959277791319,4.107229724951137,13.669661182466962,TOP_ROR,['BIOLOGICS'],BIOLOGICS
ALENDRONIC ACID + PREGABALIN,105,93,7.492959277791319,4.107229724951137,13.669661182466962,TOP_ROR,[],NONE
SULFAMETHOXAZOLE / TRIMETHOPRIM + TRAMADOL HYDROCHLORIDE,105,93,7.492959277791319,4.107229724951137,13.669661182466962,TOP_ROR,['OPIOIDS'],OPIOIDS
DICLOFENAC + ERELZI,410,363,7.4714200290102095,5.5135779702192504,10.124481335243573,TOP_ROR,[],NONE
NAPROXEN + XELJANZ,157,139,7.46681281518585,4.569807060552266,12.200360513751276,TOP_ROR,[],NONE
ADALIMUMAB + CANDESARTAN,244,216,7.460327248849876,5.0323847723434705,11.059663594446096,TOP_ROR,['BIOLOGICS'],BIOLOGICS
CYCLOPHOSPHAMIDE + VALACICLOVIR,122,108,7.458659983962329,4.274252242786969,13.015518410323642,TOP_ROR,['ANTINEOPLASTICS'],ANTINEOPLASTICS
CORTISONE ACETATE + STELARA,113,100,7.4372864445196445,4.17297241148571,13.255115108259824,TOP_ROR,[],NONE
COCAINE + METHADONE,191,169,7.428204244646176,4.763690624420464,11.583081826791018,TOP_ROR,['OPIOIDS'],OPIOIDS
CIMZIA + STELARA,191,169,7.428204244646176,4.763690624420464,11.583081826791018,TOP_ROR,[],NONE
AIMOVIG + CANDESARTAN,269,238,7.425009941151927,5.10682634088826,10.795505651875317,TOP_ROR,[],NONE
ERELZI + SULFASALAZINE,390,345,7.416251038075245,5.435724129632994,10.118390512114834,TOP_ROR,[],NONE
HUMIRA + RAMIPRIL,156,138,7.41307702173184,4.5359949211122474,12.115029202160937,TOP_ROR,['BIOLOGICS'],BIOLOGICS
CELLCEPT + FUROSEMIDE,130,115,7.4127245470824015,4.328052267405224,12.69589224343194,TOP_ROR,['IMMUNOSUPPRESSANTS'],IMMUNOSUPPRESSANTS
ACTEMRA + TRAMADOL HYDROCHLORIDE,104,92,7.412372111176159,4.061539839277829,13.527692079541788,TOP_ROR,"['BIOLOGICS', 'OPIOIDS']","BIOLOGICS, OPIOIDS"
LISINOPRIL + SULFASALAZINE,190,168,7.384232725395531,4.734770838411875,11.5162686439734,TOP_ROR,[],NONE
ACTEMRA + INFLIXIMAB,259,229,7.382232760777452,5.04545430466943,10.801279179926388,TOP_ROR,['BIOLOGICS'],BIOLOGICS
DICLOFENAC + RITUXIMAB,465,411,7.363508294221678,5.5444644014098845,9.77934936064946,TOP_ROR,['BIOLOGICS'],BIOLOGICS
ACETAMINOPHEN + VINCRISTINE SULFATE,155,137,7.359341485110394,4.502183523904848,12.029697769293229,TOP_ROR,['ANTINEOPLASTICS'],ANTINEOPLASTICS
ALENDRONATE SODIUM + HYDROXYCHLOROQUINE,215,190,7.34940164484927,4.843336122507434,11.152169325252162,TOP_ROR,[],NONE
CORTISONE ACETATE + XELJANZ,172,152,7.348825026587164,4.610371098005888,11.713857328047318,TOP_ROR,[],NONE
ACTEMRA + CALCIUM CARBONATE,129,114,7.348248513046242,4.28923899585756,12.58888960527381,TOP_ROR,['BIOLOGICS'],BIOLOGICS
APIXABAN + FLUOXETINE,103,91,7.331785329688535,4.015851710820538,13.38572238008573,TOP_ROR,['ANTICOAGULANTS'],ANTICOAGULANTS
METHOTREXATE + PSEUDOEPHEDRINE HYDROCHLORIDE,266,235,7.33136480531289,5.0410310706426085,10.66228498800521,TOP_ROR,['ANTINEOPLASTICS'],ANTINEOPLASTICS
CETIRIZINE HYDROCHLORIDE\PSEUDOEPHEDRINE HYDROCHLORIDE + REMICADE,163,144,7.328346173540331,4.541828232123127,11.82445810244532,TOP_ROR,['BIOLOGICS'],BIOLOGICS
FOSAMAX + HUMIRA,223,197,7.3271901262532015,4.867604107918764,11.0295977150076,TOP_ROR,['BIOLOGICS'],BIOLOGICS
COSENTYX + VITAMIN D2,137,121,7.312094949171498,4.341069443563949,12.316488653497329,TOP_ROR,[],NONE
AMLODIPINE + PIPERACILLIN SODIUM\TAZOBACTAM SODIUM,111,98,7.2885058829779,4.086721899723675,12.99876020675528,TOP_ROR,[],NONE
APIXABAN + POTASSIUM CHLORIDE,145,128,7.280206100731212,4.389376507474055,12.074926992222084,TOP_ROR,['ANTICOAGULANTS'],ANTICOAGULANTS
CELECOXIB + OXYCODONE,187,165,7.252319428710727,4.648014499699014,11.315828962982152,TOP_ROR,['OPIOIDS'],OPIOIDS
FOLIC ACID + HYRIMOZ,170,150,7.252095297499982,4.548043300522122,11.563849050861856,TOP_ROR,[],NONE
METHYLPREDNISOLONE SODIUM SUCCINATE + XELJANZ,119,105,7.251423000272413,4.151705431204866,12.665430243113276,TOP_ROR,[],NONE
ASCORBIC ACID + OXYCODONE HYDROCHLORIDE,119,105,7.251423000272413,4.151705431204866,12.665430243113276,TOP_ROR,['OPIOIDS'],OPIOIDS
MYCOPHENOLATE MOFETIL + TRAMADOL HYDROCHLORIDE,102,90,7.2511989333256865,3.97016538761457,13.243752044862696,TOP_ROR,"['IMMUNOSUPPRESSANTS', 'OPIOIDS']","IMMUNOSUPPRESSANTS, OPIOIDS"
ALENDRONATE SODIUM + CIMZIA,212,187,7.233306596558317,4.764975541043586,10.980271329652034,TOP_ROR,[],NONE
BERINERT + PREDNISONE,110,97,7.214116135483432,4.043598933125207,12.870581993160036,TOP_ROR,[],NONE
FENTANYL + QUETIAPINE,186,164,7.20834875016648,4.619096747431722,11.249015672364353,TOP_ROR,['OPIOIDS'],OPIOIDS
ADALIMUMAB + COSENTYX,566,499,7.206757479036764,5.584311241622198,9.300583566070172,TOP_ROR,['BIOLOGICS'],BIOLOGICS
ADALIMUMAB + ORENCIA,262,231,7.206506713374841,4.953307754278363,10.48465824984516,TOP_ROR,['BIOLOGICS'],BIOLOGICS
DICLOFENAC SODIUM + PHTHALYLSULFATHIAZOLE,228,201,7.199128980840128,4.817225687931194,10.75877723823856,TOP_ROR,[],NONE
CYCLOPHOSPHAMIDE + EPCORITAMAB,152,134,7.1981364162230355,4.400753907493973,11.773702632706724,TOP_ROR,['ANTINEOPLASTICS'],ANTINEOPLASTICS
ACETAMINOPHEN + ADALIMUMAB,329,290,7.192180283141968,5.148353426301196,10.047378830085364,TOP_ROR,['BIOLOGICS'],BIOLOGICS
APREMILAST + INFLIXIMAB,135,119,7.191199506294388,4.2671129271430654,12.119048926589338,TOP_ROR,['BIOLOGICS'],BIOLOGICS
BACTRIM + CELLCEPT,194,171,7.189341105087012,4.651881518624548,11.110907558233828,TOP_ROR,['IMMUNOSUPPRESSANTS'],IMMUNOSUPPRESSANTS
FLUMETHASONE PIVALATE + STELARA,118,104,7.182344665989163,4.110859108819575,12.548733375558529,TOP_ROR,[],NONE
ATORVASTATIN + LOVENOX,101,89,7.170612922084852,3.924480919717844,13.101781033010347,TOP_ROR,['ANTICOAGULANTS'],ANTICOAGULANTS
ASCORBIC ACID + XELJANZ,193,170,7.147281092889338,4.623964714129821,11.047581497469706,TOP_ROR,[],NONE
HUMIRA + TOFACITINIB CITRATE,109,96,7.139726743503169,4.000477544188981,12.742403227819818,TOP_ROR,['BIOLOGICS'],BIOLOGICS
LANSOPRAZOLE + VITAMIN D2,109,96,7.139726743503169,4.000477544188981,12.742403227819818,TOP_ROR,[],NONE
FLUCONAZOLE + MYCOPHENOLIC ACID,117,103,7.113266661841996,4.0700141443638165,12.432036058779303,TOP_ROR,[],NONE
ALENDRONATE SODIUM + SULFASALAZINE,300,264,7.092589538068271,5.006794335342505,10.047312309279077,TOP_ROR,[],NONE
ALENDRONIC ACID + SIMPONI,150,132,7.0906676544271985,4.333138103768611,11.603038394232753,TOP_ROR,[],NONE
MESNA + ONDANSETRON,125,110,7.0903474583629045,4.133997239089646,12.160875823754544,TOP_ROR,[],NONE
ALENDRONATE SODIUM + CETIRIZINE HYDROCHLORIDE\PSEUDOEPHEDRINE HYDROCHLORIDE,100,88,7.090027295963272,3.878798359318574,12.959809301954891,TOP_ROR,[],NONE
COSENTYX + VOLTARENE,208,183,7.078515788567987,4.660500457610707,10.751074101319526,TOP_ROR,[],NONE
CIMZIA + DICLOFENAC DIETHYLAMMONIUM,108,95,7.065337707034561,3.957357773422939,12.614223876772876,TOP_ROR,[],NONE
HYDROXYCHLOROQUINE SULFATE + STELARA,108,95,7.065337707034561,3.957357773422939,12.614223876772876,TOP_ROR,[],NONE
FENTANYL + ZOPICLONE,116,102,7.044188987828544,4.029170569822594,12.315338265371508,TOP_ROR,['OPIOIDS'],OPIOIDS
ARAVA + KEVZARA,182,160,7.032468137702742,4.503431050613929,10.981762028101276,TOP_ROR,[],NONE
GOLD + METHOTREXATE,124,109,7.025872965046351,4.095189754200828,12.053871464767406,TOP_ROR,['ANTINEOPLASTICS'],ANTINEOPLASTICS
DICLOFENAC SODIUM + PSEUDOEPHEDRINE HYDROCHLORIDE,231,203,7.011108216375387,4.722539454027038,10.408730069964822,TOP_ROR,[],NONE
CETIRIZINE + METHOTREXATE,305,268,7.00550666008606,4.967532685126744,9.87957738284272,TOP_ROR,['ANTINEOPLASTICS'],ANTINEOPLASTICS
HYDROCORTISONE + METHYLPREDNISOLONE SODIUM SUCCINATE,107,94,6.990949026075062,3.9142396629480394,12.486043904723632,TOP_ROR,[],NONE
CARBOPLATIN + SIMVASTATIN,107,94,6.990949026075062,3.9142396629480394,12.486043904723632,TOP_ROR,['ANTINEOPLASTICS'],ANTINEOPLASTICS
MAGNESIUM + POLYETHYLENE GLYCOL,107,94,6.990949026075062,3.9142396629480394,12.486043904723632,TOP_ROR,[],NONE
CANDESARTAN + SIMPONI,107,94,6.990949026075062,3.9142396629480394,12.486043904723632,TOP_ROR,[],NONE
POLYETHYLENE GLYCOL + PROCHLORPERAZINE,107,94,6.990949026075062,3.9142396629480394,12.486043904723632,TOP_ROR,[],NONE
PREGABALIN + SULFASALAZINE,181,159,6.988498510007587,4.4745159891705875,10.914948464276526,TOP_ROR,[],NONE
MIDODRINE HYDROCHLORIDE + OXYGEN,189,166,6.979043054514576,4.512302441080669,10.794276889184562,TOP_ROR,[],NONE
HYDROXYCHLOROQUINE + OXYCODONE,189,166,6.979043054514576,4.512302441080669,10.794276889184562,TOP_ROR,['OPIOIDS'],OPIOIDS
CIMZIA + XELJANZ,279,245,6.969040528900221,4.8683154596554985,9.97624872421285,TOP_ROR,[],NONE
CORTISONE ACETATE + SULFASALAZINE,287,252,6.963450822905088,4.8894952146830155,9.917107029250078,TOP_ROR,[],NONE
CETIRIZINE HYDROCHLORIDE + DESOXIMETASONE,344,302,6.954950856587301,5.036162636348413,9.604801296214134,TOP_ROR,[],NONE
ADALIMUMAB + CETIRIZINE HYDROCHLORIDE,221,194,6.94829679449881,4.645399450182606,10.392826034054975,TOP_ROR,['BIOLOGICS'],BIOLOGICS
FOLIC ACID + OXYCODONE HYDROCHLORIDE,319,280,6.9440080598392555,4.96719301968966,9.707544632144208,TOP_ROR,['OPIOIDS'],OPIOIDS
DOXYCYCLINE HYCLATE + PANTOPRAZOLE SODIUM,139,122,6.938846948335689,4.177475544514869,11.525524556486396,TOP_ROR,[],NONE
ERELZI + PSEUDOEPHEDRINE HYDROCHLORIDE,188,165,6.936984047517661,4.484388139757971,10.730950617069404,TOP_ROR,[],NONE
ERELZI + ORENCIA,343,301,6.9319046457846225,5.019146080553654,9.573601016400378,TOP_ROR,[],NONE
ALENDRONIC ACID + HUMIRA,147,129,6.929466437890222,4.23172058145425,11.34704056886137,HIGH_RISK_CLASS,['BIOLOGICS'],BIOLOGICS
CANDESARTAN + RITUXIMAB,302,265,6.927037131747857,4.910731975460586,9.771220189656775,HIGH_RISK_CLASS,['BIOLOGICS'],BIOLOGICS
DICLOFENAC + OXYCODONE HYDROCHLORIDE,155,136,6.9210835098720604,4.282405264327401,11.185629101860917,HIGH_RISK_CLASS,['OPIOIDS'],OPIOIDS
CETIRIZINE + MYCOPHENOLATE MOFETIL,155,136,6.9210835098720604,4.282405264327401,11.185629101860917,HIGH_RISK_CLASS,['IMMUNOSUPPRESSANTS'],IMMUNOSUPPRESSANTS
ENBREL + QUETIAPINE FUMARATE,106,93,6.916560700622121,3.871123256579416,12.357863274976545,HIGH_RISK_CLASS,['BIOLOGICS'],BIOLOGICS
CELECOXIB + HUMIRA,171,150,6.906740355861729,4.374582867462084,10.904596801240604,HIGH_RISK_CLASS,['BIOLOGICS'],BIOLOGICS
CARBOPLATIN + SULFAMETHOXAZOLE / TRIMETHOPRIM,114,100,6.906034630193326,3.947487724407,12.081941133988977,HIGH_RISK_CLASS,['ANTINEOPLASTICS'],ANTINEOPLASTICS
MYCOPHENOLATE MOFETIL + TRIAMCINOLONE ACETONIDE,114,100,6.906034630193326,3.947487724407,12.081941133988977,HIGH_RISK_CLASS,['IMMUNOSUPPRESSANTS'],IMMUNOSUPPRESSANTS
INFLIXIMAB + SULFAMETHOXAZOLE / TRIMETHOPRIM,122,107,6.8969249028229145,4.017578512254051,11.839861491217308,HIGH_RISK_CLASS,['BIOLOGICS'],BIOLOGICS
INFLIXIMAB + METHYLPREDNISOLONE SODIUM SUCCINATE,146,128,6.875733212679006,4.1979164476316395,11.26170751650118,HIGH_RISK_CLASS,['BIOLOGICS'],BIOLOGICS
HUMIRA + HYDROCORTISONE,170,149,6.860679024189508,4.344591099041296,10.83391177672403,HIGH_RISK_CLASS,['BIOLOGICS'],BIOLOGICS
NAPROXEN + OXYCODONE HYDROCHLORIDE,129,113,6.828520111165807,4.045268460924127,11.526722480599895,HIGH_RISK_CLASS,['OPIOIDS'],OPIOIDS
OXYCODONE HYDROCHLORIDE + PANTOPRAZOLE SODIUM,232,203,6.7693291330452405,4.587271125345667,9.989341301042472,HIGH_RISK_CLASS,['OPIOIDS'],OPIOIDS
CETIRIZINE HYDROCHLORIDE + TRAMADOL HYDROCHLORIDE,144,126,6.768267532697193,4.130310832694972,11.09104066249486,HIGH_RISK_CLASS,['OPIOIDS'],OPIOIDS
EPCORITAMAB + VINCRISTINE,136,119,6.768171042947131,4.071537945350829,11.25081968569028,HIGH_RISK_CLASS,['ANTINEOPLASTICS'],ANTINEOPLASTICS
ADALIMUMAB + CALCIUM,128,112,6.768074556425115,4.008298269112411,11.428000145176917,HIGH_RISK_CLASS,['BIOLOGICS'],BIOLOGICS
CALCIUM CARBONATE + INFLIXIMAB,120,105,6.767978073130983,3.9399724286500186,11.625849679886327,HIGH_RISK_CLASS,['BIOLOGICS'],BIOLOGICS
FILGRASTIM + VANCOMYCIN,104,91,6.767785116225722,3.784895740414522,12.10149988818188,HIGH_RISK_CLASS,['NARROW_THERAPEUTIC_INDEX'],NARROW_THERAPEUTIC_INDEX
QUETIAPINE FUMARATE + RITUXIMAB,286,250,6.716242593358412,4.735589460910761,9.5253009039695,HIGH_RISK_CLASS,['BIOLOGICS'],BIOLOGICS
ACTEMRA + DESOXIMETASONE,349,305,6.704780180921875,4.887663864014244,9.197456806606567,HIGH_RISK_CLASS,['BIOLOGICS'],BIOLOGICS
MICAFUNGIN + TACROLIMUS,103,90,6.693397857277168,3.7417847275215017,11.973317050090817,HIGH_RISK_CLASS,['IMMUNOSUPPRESSANTS'],IMMUNOSUPPRESSANTS
DIAZEPAM + FENTANYL,252,220,6.648669111091458,4.588557290032442,9.633703614163467,HIGH_RISK_CLASS,['OPIOIDS'],OPIOIDS
ACTEMRA + RAMIPRIL,165,144,6.630375668165762,4.194642052846089,10.48048461517144,HIGH_RISK_CLASS,['BIOLOGICS'],BIOLOGICS
CARBOPLATIN + ROSUVASTATIN,110,96,6.629729876423354,3.784140258583854,11.61513982856152,HIGH_RISK_CLASS,['ANTINEOPLASTICS'],ANTINEOPLASTICS
CYCLOPHOSPHAMIDE + METRONIDAZOLE,102,89,6.619010953824979,3.6986756127416514,11.845133392052148,HIGH_RISK_CLASS,['ANTINEOPLASTICS'],ANTINEOPLASTICS
APREMILAST + RITUXIMAB,149,130,6.615646731230512,4.087870203326554,10.70649983867521,HIGH_RISK_CLASS,['BIOLOGICS'],BIOLOGICS
OXYCODONE + RAMIPRIL,195,170,6.575466101998724,4.321004775972724,10.006180668661962,HIGH_RISK_CLASS,['OPIOIDS'],OPIOIDS
ENBREL + INFLIXIMAB,311,271,6.552630427714933,4.701356164077032,9.132889324637024,HIGH_RISK_CLASS,['BIOLOGICS'],BIOLOGICS
APIXABAN + SULFAMETHOXAZOLE / TRIMETHOPRIM,101,88,6.544624405866607,3.655568449765135,11.716948869229006,HIGH_RISK_CLASS,['ANTICOAGULANTS'],ANTICOAGULANTS
ARAVA + INFLIXIMAB,217,189,6.527365092567364,4.388925636084139,9.707727718458464,HIGH_RISK_CLASS,['BIOLOGICS'],BIOLOGICS
AIMOVIG + OXYCODONE,200,174,6.471375631989666,4.285594376056597,9.771970675592602,HIGH_RISK_CLASS,['OPIOIDS'],OPIOIDS
HUMIRA + QUETIAPINE FUMARATE,123,107,6.465851115943415,3.823465425239116,10.934381772507365,HIGH_RISK_CLASS,['BIOLOGICS'],BIOLOGICS
SULFASALAZINE + TOCILIZUMAB,192,167,6.4593821519047845,4.242670954679785,9.834280864586908,HIGH_RISK_CLASS,['BIOLOGICS'],BIOLOGICS
ADALIMUMAB + PHTHALYLSULFATHIAZOLE,168,146,6.416912474464196,4.098674043676167,10.046362620239524,HIGH_RISK_CLASS,['BIOLOGICS'],BIOLOGICS
FENTANYL + OLANZAPINE,183,159,6.406091968032732,4.170392433549128,9.84032437157692,HIGH_RISK_CLASS,['OPIOIDS'],OPIOIDS
CODEINE + LEFLUNOMIDE,122,106,6.405407294476929,3.786502669467672,10.835656591232878,HIGH_RISK_CLASS,['OPIOIDS'],OPIOIDS
ACTEMRA + CANDESARTAN,152,132,6.381569344373947,3.987215797303922,10.213750488396036,HIGH_RISK_CLASS,['BIOLOGICS'],BIOLOGICS
CARBOPLATIN + PERPRAZOLE,113,98,6.316673875139689,3.668395384153601,10.876790712699682,HIGH_RISK_CLASS,['ANTINEOPLASTICS'],ANTINEOPLASTICS
LOVENOX + PANTOPRAZOLE,128,111,6.3130472588771696,3.789084585692601,10.518257059582533,HIGH_RISK_CLASS,['ANTICOAGULANTS'],ANTICOAGULANTS
DIAZEPAM + METHADONE,263,228,6.29990360295481,4.41358078942527,8.992423000756089,HIGH_RISK_CLASS,['OPIOIDS'],OPIOIDS
OXYCODONE + PANTOPRAZOLE SODIUM,231,200,6.238937449253072,4.273611183687788,9.108067819614746,HIGH_RISK_CLASS,['OPIOIDS'],OPIOIDS
PSEUDOEPHEDRINE HYDROCHLORIDE + RITUXIMAB,238,206,6.2253636637419,4.289560381558029,9.034760977478427,HIGH_RISK_CLASS,['BIOLOGICS'],BIOLOGICS
CYCLOPHOSPHAMIDE + VANCOMYCIN,260,225,6.216965553413415,4.3541020960720065,8.87683840192841,HIGH_RISK_CLASS,"['ANTINEOPLASTICS', 'NARROW_THERAPEUTIC_INDEX']","ANTINEOPLASTICS, NARROW_THERAPEUTIC_INDEX"
HUMIRA + PSEUDOEPHEDRINE HYDROCHLORIDE,177,153,6.16426425672866,4.008540659749587,9.479298590713627,HIGH_RISK_CLASS,['BIOLOGICS'],BIOLOGICS
HYDROCORTISONE + OXYCODONE,258,223,6.161674181198328,4.314451044679055,8.799782016780387,HIGH_RISK_CLASS,['OPIOIDS'],OPIOIDS
NAPROXEN + RITUXIMAB,368,318,6.151790737539717,4.565508497260428,8.289225461126266,HIGH_RISK_CLASS,['BIOLOGICS'],BIOLOGICS
VALACYCLOVIR HYDROCHLORIDE + VINCRISTINE SULFATE,103,89,6.146209266745088,3.4983475641306674,10.798209056740886,HIGH_RISK_CLASS,['ANTINEOPLASTICS'],ANTINEOPLASTICS
ENBREL + METHYLPREDNISOLONE SODIUM SUCCINATE,110,95,6.123262412025399,3.552028434161372,10.555755186508089,HIGH_RISK_CLASS,['BIOLOGICS'],BIOLOGICS
INFLIXIMAB + XELJANZ,241,208,6.095339248370352,4.221696360722933,8.800528834423766,HIGH_RISK_CLASS,['BIOLOGICS'],BIOLOGICS
ACTEMRA + ADALIMUMAB,262,226,6.0711350032892915,4.270776391859498,8.63044019312755,HIGH_RISK_CLASS,['BIOLOGICS'],BIOLOGICS
ASCORBIC ACID + MYCOPHENOLATE MOFETIL,160,138,6.06518487427272,3.867442035622436,9.511834235722707,HIGH_RISK_CLASS,['IMMUNOSUPPRESSANTS'],IMMUNOSUPPRESSANTS
FLUCONAZOLE + VANCOMYCIN,355,306,6.040298463551185,4.4675324760594455,8.166746570796125,HIGH_RISK_CLASS,['NARROW_THERAPEUTIC_INDEX'],NARROW_THERAPEUTIC_INDEX
ARAVA + TOCILIZUMAB,123,106,6.028603730269854,3.612589958623024,10.060389735035557,HIGH_RISK_CLASS,['BIOLOGICS'],BIOLOGICS
ACTEMRA + ERELZI,303,261,6.010146563753081,4.338633342047013,8.325631338266142,HIGH_RISK_CLASS,['BIOLOGICS'],BIOLOGICS
METHOTREXATE + SULFAMETHOXAZOLE,137,118,6.004799450025287,3.698896253883053,9.748209725312291,HIGH_RISK_CLASS,['ANTINEOPLASTICS'],ANTINEOPLASTICS
CETIRIZINE + RITUXIMAB,280,241,5.97624975376167,4.260862738157256,8.382236958607763,HIGH_RISK_CLASS,['BIOLOGICS'],BIOLOGICS
CALCIUM CARBONATE + HUMIRA,122,105,5.971715840192156,3.5772949863550343,9.968814484694734,HIGH_RISK_CLASS,['BIOLOGICS'],BIOLOGICS
CIMZIA + TRAMADOL HYDROCHLORIDE,122,105,5.971715840192156,3.5772949863550343,9.968814484694734,HIGH_RISK_CLASS,['OPIOIDS'],OPIOIDS
CHOLECALCIFEROL + ENBREL,122,105,5.971715840192156,3.5772949863550343,9.968814484694734,HIGH_RISK_CLASS,['BIOLOGICS'],BIOLOGICS
ADALIMUMAB + CIMZIA,251,216,5.9681585414449305,4.17568155716078,8.530084463634449,HIGH_RISK_CLASS,['BIOLOGICS'],BIOLOGICS
ALLOPURINOL + VINCRISTINE,129,111,5.962307675151423,3.62339529080225,9.81099492605972,HIGH_RISK_CLASS,['ANTINEOPLASTICS'],ANTINEOPLASTICS
ENBREL + FOSAMAX,222,191,5.958057099170442,4.076339962696997,8.708411153590033,HIGH_RISK_CLASS,['BIOLOGICS'],BIOLOGICS
ADALIMUMAB + HYDROXYCHLOROQUINE SULFATE,186,160,5.950491134286635,3.93144565185944,9.006443907593352,HIGH_RISK_CLASS,['BIOLOGICS'],BIOLOGICS
OXYCODONE + TRAMADOL HYDROCHLORIDE,185,159,5.913286432515547,3.9061532893261393,8.951762473972106,HIGH_RISK_CLASS,['OPIOIDS'],OPIOIDS
ACTEMRA + CORTISONE ACETATE,234,201,5.8901090902137785,4.075985463662844,8.511655746544815,HIGH_RISK_CLASS,['BIOLOGICS'],BIOLOGICS
RAMIPRIL + TRAMADOL HYDROCHLORIDE,170,146,5.8821406920768595,3.819741664865028,9.058094017101288,HIGH_RISK_CLASS,['OPIOIDS'],OPIOIDS
ONDANSETRON + VINCRISTINE,120,103,5.857940875664935,3.5067092425212114,9.7856619780984,HIGH_RISK_CLASS,['ANTINEOPLASTICS'],ANTINEOPLASTICS
CEFAZOLIN + VANCOMYCIN,127,109,5.854850726256153,3.555825705059412,9.64031419705636,HIGH_RISK_CLASS,['NARROW_THERAPEUTIC_INDEX'],NARROW_THERAPEUTIC_INDEX
OLANZAPINE + OXYCODONE,155,133,5.845361953545888,3.72294650286014,9.177745729548402,HIGH_RISK_CLASS,['OPIOIDS'],OPIOIDS
ACETAMINOPHEN + REMICADE,253,217,5.829238738702849,4.096511569920037,8.294868375889212,HIGH_RISK_CLASS,['BIOLOGICS'],BIOLOGICS
ADALIMUMAB + ARAVA,259,222,5.80243089168549,4.09681795184808,8.218135306109538,HIGH_RISK_CLASS,['BIOLOGICS'],BIOLOGICS
ACTEMRA + SULFAMETHOXAZOLE / TRIMETHOPRIM,126,108,5.801122636978199,3.522042825149901,9.554972929049663,HIGH_RISK_CLASS,['BIOLOGICS'],BIOLOGICS
COSENTYX + ETANERCEPT,105,90,5.800916135599539,3.3581186591673036,10.020678667919158,HIGH_RISK_CLASS,['BIOLOGICS'],BIOLOGICS
METHOTREXATE + TOPIRAMATE,195,167,5.767262729861315,3.864838250595043,8.606134911370836,HIGH_RISK_CLASS,['ANTINEOPLASTICS'],ANTINEOPLASTICS
FOSAMAX + REMICADE,195,167,5.767262729861315,3.864838250595043,8.606134911370836,HIGH_RISK_CLASS,['BIOLOGICS'],BIOLOGICS
PANTOPRAZOLE + VANCOMYCIN,153,131,5.757434256148577,3.665154016145352,9.044108124202369,HIGH_RISK_CLASS,['NARROW_THERAPEUTIC_INDEX'],NARROW_THERAPEUTIC_INDEX
AMLODIPINE + VANCOMYCIN,132,113,5.750290089078036,3.5368674964128313,9.348904402578038,HIGH_RISK_CLASS,['NARROW_THERAPEUTIC_INDEX'],NARROW_THERAPEUTIC_INDEX
ALENDRONATE SODIUM + RITUXIMAB,361,309,5.747620463681313,4.284353762196799,7.71064735270354,HIGH_RISK_CLASS,['BIOLOGICS'],BIOLOGICS
AZITHROMYCIN + VANCOMYCIN,249,213,5.721732628381942,4.019068295431544,8.145724795944355,HIGH_RISK_CLASS,['NARROW_THERAPEUTIC_INDEX'],NARROW_THERAPEUTIC_INDEX
MYCOPHENOLATE MOFETIL + RAMIPRIL,145,124,5.7092172796070155,3.5950337961512253,9.066719200431187,HIGH_RISK_CLASS,['IMMUNOSUPPRESSANTS'],IMMUNOSUPPRESSANTS
CERTOLIZUMAB PEGOL + RITUXIMAB,131,112,5.699388946708129,3.5044652200428548,9.269041729985144,HIGH_RISK_CLASS,['BIOLOGICS'],BIOLOGICS
ACETAMINOPHEN\CODEINE PHOSPHATE + IBUPROFEN,124,106,5.693667228752454,3.454481036736587,9.384288455204391,HIGH_RISK_CLASS,['OPIOIDS'],OPIOIDS
ASCORBIC ACID + INFLIXIMAB,117,100,5.687280467915301,3.4008416398806394,9.510927748422333,HIGH_RISK_CLASS,['BIOLOGICS'],BIOLOGICS
DESOXIMETASONE + ENBREL,301,257,5.648953414333617,4.102779537318349,7.777818522066829,HIGH_RISK_CLASS,['BIOLOGICS'],BIOLOGICS
APIXABAN + DILTIAZEM,123,105,5.6399399098009795,3.420702189497993,9.298945194300591,HIGH_RISK_CLASS,['ANTICOAGULANTS'],ANTICOAGULANTS
ADALIMUMAB + IBUPROFEN,157,134,5.633254537234923,3.619342038621252,8.767769484800167,HIGH_RISK_CLASS,['BIOLOGICS'],BIOLOGICS
CLOPIDOGREL + LANTUS,109,93,5.6196639019914265,3.306121249742438,9.552167021643806,HIGH_RISK_CLASS,['ANTIPLATELET'],ANTIPLATELET
ADALIMUMAB + ENBREL,272,232,5.609109010290304,4.010062695308041,7.84578852747913,HIGH_RISK_CLASS,['BIOLOGICS'],BIOLOGICS
CLOTRIMAZOLE + VANCOMYCIN,102,87,5.607512066905615,3.2417960759303313,9.699620470873764,HIGH_RISK_CLASS,['NARROW_THERAPEUTIC_INDEX'],NARROW_THERAPEUTIC_INDEX
ACTEMRA + DICLOFENAC SODIUM,278,237,5.5902920008045545,4.012768260829008,7.787981419042397,HIGH_RISK_CLASS,['BIOLOGICS'],BIOLOGICS
DICLOFENAC SODIUM + REMICADE,203,173,5.5762241862525315,3.784277880851577,8.216700029531276,HIGH_RISK_CLASS,['BIOLOGICS'],BIOLOGICS
HYDROCORTISONE + VANCOMYCIN,142,121,5.571051115719022,3.505122967982276,8.854642424091724,HIGH_RISK_CLASS,['NARROW_THERAPEUTIC_INDEX'],NARROW_THERAPEUTIC_INDEX
ALCOHOL + FENTANYL,270,230,5.56072803849344,3.9746216784214767,7.779783541654632,HIGH_RISK_CLASS,['OPIOIDS'],OPIOIDS
KARDEGIC + LOVENOX,141,120,5.524996167985938,3.475154726870459,8.78394922108951,HIGH_RISK_CLASS,['ANTICOAGULANTS'],ANTICOAGULANTS
TRAMADOL HYDROCHLORIDE + TRIAMCINOLONE ACETONIDE,161,137,5.51942426414944,3.577049725368018,8.51652801794567,HIGH_RISK_CLASS,['OPIOIDS'],OPIOIDS
ALENDRONATE SODIUM + HUMIRA,181,154,5.515131012168769,3.663938538337893,8.301632181631494,HIGH_RISK_CLASS,['BIOLOGICS'],BIOLOGICS
AMPHETAMINE + FENTANYL,221,188,5.508985586978125,3.8054262863144697,7.97517016862924,HIGH_RISK_CLASS,['OPIOIDS'],OPIOIDS
DICLOFENAC DIETHYLAMMONIUM + ENBREL,127,108,5.495786809902175,3.3748685537949017,8.949584903368143,HIGH_RISK_CLASS,['BIOLOGICS'],BIOLOGICS
(-)-ARTERENOL + FENTANYL,100,85,5.478577561556854,3.164258337172014,9.485575733623357,HIGH_RISK_CLASS,['OPIOIDS'],OPIOIDS
CORTISONE ACETATE + ENBREL,233,198,5.470576630155874,3.818916962143661,7.836569625124461,HIGH_RISK_CLASS,['BIOLOGICS'],BIOLOGICS
