drug,degree_centrality,betweenness_centrality,eigenvector_centrality,degree,drug_class
ACETAMINOPHEN,0.381791483113069,0.18589876479226053,0.19383983548489248,260,Analgesic/Opioid
FUROSEMIDE,0.33773861967694563,0.11109527511445107,0.11984836914210147,230,Cardiovascular (Other)
PANTOPRAZOLE,0.27165932452276065,0.07392675131726699,0.15794246925495256,185,Alimentary/Metabolism
PREDNISONE,0.22466960352422907,0.08595922950678068,0.12111734093642865,153,Corticosteroid
POTASSIUM CHLORIDE,0.19676945668135096,0.021145374449339206,0.1057696337504489,134,Alimentary/Metabolism
ELIQUIS,0.19236417033773862,0.035026345339898075,0.08459719164633406,131,Antithrombotic
FOLIC ACID,0.18355359765051393,0.024850997667789584,0.16419589466983936,125,Blood (Other)
OXYGEN,0.17327459618208516,0.014857044139241599,0.07821026289174206,118,Various
ASPIRIN,0.17033773861967694,0.06433445624946013,0.057486569533520104,116,Antithrombotic
CHOLECALCIFEROL,0.16886930983847281,0.025801157467392245,0.14978892182264067,115,Alimentary/Metabolism
ALLOPURINOL,0.15124816446402348,0.015504880366243414,0.08054549485015992,103,Musculoskeletal (Other)
LORAZEPAM,0.14977973568281938,0.02016498229247646,0.11043324566264005,102,Psycholeptic
PANTOPRAZOLE SODIUM,0.14831130690161526,0.015859030837004406,0.1262318001069122,101,Alimentary/Metabolism
SODIUM CHLORIDE,0.1395007342143906,0.0337133972531744,0.07024087739562229,95,Alimentary/Metabolism
ONDANSETRON,0.13803230543318648,0.030914744752526563,0.08187379275082636,94,Alimentary/Metabolism
AMLODIPINE,0.13656387665198236,0.02133540640925974,0.05580424985153588,93,RAAS Inhibitor
PREGABALIN,0.13509544787077826,0.01881748294031269,0.11316017096543123,92,Analgesic/Opioid
DEXAMETHASONE,0.13362701908957414,0.034097780081195475,0.07560533558090649,91,Corticosteroid
SULFAMETHOXAZOLE / TRIMETHOPRIM,0.13362701908957414,0.01591517664334456,0.12944641981929544,91,Antibacterial
RITUXIMAB,0.12334801762114536,0.012714865681955602,0.12625684946393145,84,Antineoplastic
SPIRONOLACTONE,0.12187958883994125,0.014096916299559472,0.05211965480610475,83,Cardiovascular (Other)
GABAPENTIN,0.11894273127753303,0.019672626759955084,0.038184183338478554,81,Analgesic/Opioid
ATORVASTATIN,0.11600587371512482,0.0298220609829835,0.04004523861582231,79,Lipid Modifying
QUETIAPINE,0.10866372980910426,0.020475943681437334,0.0611627089860925,74,Psycholeptic
METHOTREXATE,0.10572687224669602,0.023576919754686017,0.09432484710199762,72,Antineoplastic
RAMIPRIL,0.10425844346549192,0.004077049321931416,0.12412663797665643,71,RAAS Inhibitor
OMEPRAZOLE,0.1013215859030837,0.016908525524747343,0.04302977626189103,69,Alimentary/Metabolism
LT4,0.1013215859030837,0.01510322190550229,0.051282505302648045,69,Hormonal
METFORMIN,0.09985315712187959,0.02191414010538136,0.05490858970376381,68,Antidiabetic
LASIX,0.09838472834067548,0.004232530016411851,0.059087209433183775,67,Cardiovascular (Other)
IBUPROFEN,0.09691629955947136,0.009674354323227089,0.09866528748914749,66,Analgesic/Opioid
LANSOPRAZOLE,0.09544787077826725,0.007925196510322191,0.07990703169763703,65,Alimentary/Metabolism
ALBUTEROL SULFATE,0.09397944199706314,0.013211540122656993,0.041544512119032755,64,Anti-asthmatic
OXYCODONE,0.09397944199706314,0.007713570009501598,0.11265850977713203,64,Analgesic/Opioid
VITAMIN D3,0.0895741556534508,0.006098298350177075,0.058083795305765094,61,Alimentary/Metabolism
OLANZAPINE,0.0895741556534508,0.01448561803576056,0.0600146734892655,61,Psycholeptic
SULFASALAZINE,0.08663729809104258,0.001718925455644813,0.13333777733326324,59,Alimentary/Metabolism
ASCORBIC ACID,0.08663729809104258,0.00794679105122225,0.11772621972511703,59,Alimentary/Metabolism
DICLOFENAC,0.08516886930983847,0.0016152716593245229,0.15101360214128934,58,Anti-inflammatory (NSAID)
TORSEMIDE,0.08516886930983847,0.001304310270363652,0.06130690775618238,58,Cardiovascular (Other)
ALPRAZOLAM,0.08516886930983847,0.006068065992916991,0.053901406446162814,58,Psycholeptic
HYDROCORTISONE,0.08223201174743025,0.0067202211280988165,0.11255080439306712,56,Corticosteroid
FAMOTIDINE,0.08223201174743025,0.0106072384901097,0.04839776620232991,56,Alimentary/Metabolism
VANCOMYCIN,0.08223201174743025,0.010106245141228298,0.06546914301977029,56,Narrow Therapeutic Index
CETIRIZINE HYDROCHLORIDE,0.08076358296622613,0.002029886844605684,0.1294030911984428,55,Respiratory (Other)
DIAZEPAM,0.08076358296622613,0.015237108059082663,0.042495200697031915,55,Psycholeptic
CALCIUM CARBONATE,0.08076358296622613,0.0016930120065647405,0.11613813019891789,55,Alimentary/Metabolism
LEVOTHYROXINE SODIUM,0.07929515418502202,0.003403299645849529,0.05464239440890237,54,Hormonal
MEROPENEM,0.07782672540381791,0.016182948950505312,0.05682390352645066,53,Antibacterial
LEVOFLOXACIN,0.07782672540381791,0.0011056404940830958,0.06568724243468027,53,Antibacterial
FENTANYL,0.0763582966226138,0.027209121534076185,0.04921072614284915,52,Analgesic/Opioid
ACYCLOVIR,0.07488986784140969,0.015271659324522761,0.043669970311232986,51,Antiviral
ACTEMRA,0.07488986784140969,0.003930206443811005,0.1182370127189166,51,Immunosuppressant
TRAZODONE,0.07488986784140969,0.004478707782672541,0.05007261149177274,51,Psychoanaleptic
MIRTAZAPINE,0.07488986784140969,0.009587976159626846,0.05033844554954137,51,Psychoanaleptic
PREDNISOLONE,0.07342143906020558,0.018048717284270537,0.049237553473298105,50,Corticosteroid
LEFLUNOMIDE,0.07342143906020558,0.001071089228642999,0.11554313391331122,50,Immunosuppressant
JARDIANCE,0.07342143906020558,0.009600932884166883,0.038928686791408026,50,Antidiabetic
LISINOPRIL,0.07342143906020558,0.005618899542195733,0.07108933685747325,50,RAAS Inhibitor
CYCLOPHOSPHAMIDE,0.07342143906020558,0.011902910944113328,0.05129073185362506,50,Antineoplastic
POLYETHYLENE GLYCOL,0.07048458149779735,0.00019435086810054417,0.08310317641893594,48,Alimentary/Metabolism
SIMVASTATIN,0.07048458149779735,0.004029541331951283,0.04953168604056372,48,Antidiabetic
METHYLPREDNISOLONE,0.07048458149779735,0.009911894273127754,0.041751040499080044,48,Corticosteroid
ATORVASTATIN CALCIUM,0.06901615271659324,0.001481385505744148,0.035473739314994646,47,Lipid Modifying
APIXABAN,0.06754772393538913,0.0027856957761078,0.058252406682057764,46,Antithrombotic
HYDROXYCHLOROQUINE SULFATE,0.06754772393538913,0.0020342057527856956,0.10280150266279349,46,Antiparasitic
HUMIRA,0.06754772393538913,0.0013345426276237368,0.10783685082414465,46,Immunosuppressant
ALBUTEROL,0.06754772393538913,0.009549105986006737,0.03496262923718494,46,Anti-asthmatic
VITAMIN D2,0.06754772393538913,0.002604301632547292,0.09260226550652433,46,Alimentary/Metabolism
CYANOCOBALAMIN,0.06607929515418502,0.008961734473525093,0.032803240060836555,45,Blood (Other)
NAPROXEN,0.06461086637298091,0.0017405199965448734,0.09699442550234523,44,Anti-inflammatory (NSAID)
CARVEDILOL,0.06461086637298091,0.0032262244104690335,0.03978765544576851,44,Beta Blocker
MAGNESIUM,0.06314243759177679,0.002094670467305865,0.05195849193279737,43,Alimentary/Metabolism
HYDROXYCHLOROQUINE,0.06314243759177679,0.002094670467305865,0.10422186157493023,43,Antiparasitic
ZOPICLONE,0.06314243759177679,0.007834499438541937,0.056599031549210144,43,Psycholeptic
ORENCIA,0.06314243759177679,8.205925542022976e-05,0.11918768339356277,43,Immunosuppressant
DICLOFENAC SODIUM,0.06167400881057268,0.0007687656560421526,0.11781506950234348,42,Anti-inflammatory (NSAID)
ENBREL,0.06167400881057268,0.00013820506176038697,0.10586598504238064,42,Immunosuppressant
TRAMADOL HYDROCHLORIDE,0.06167400881057268,0.0004405286343612335,0.08978248379832676,42,Analgesic/Opioid
TACROLIMUS,0.06167400881057268,0.009216550056145807,0.03758320751353721,42,Narrow Therapeutic Index
BISOPROLOL,0.06020558002936857,0.001118597218623132,0.040697330082536363,41,Beta Blocker
MORPHINE,0.06020558002936857,0.00885376176902479,0.051057044552809926,41,Analgesic/Opioid
REMODULIN,0.06020558002936857,0.0009501597996026605,0.039247242545864126,41,Antithrombotic
AZITHROMYCIN,0.06020558002936857,0.006616567331778527,0.04430791778403458,41,Antibacterial
FLUCONAZOLE,0.06020558002936857,0.005627537358555757,0.04216917572928563,41,Anti-infective (Other)
SIMPONI,0.05873715124816446,0.0002634533989807377,0.09477822002740716,40,Immunosuppressant
COSENTYX,0.05873715124816446,0.0009847110650427573,0.10775382828797639,40,Immunosuppressant
METFORMIN HYDROCHLORIDE,0.05873715124816446,0.0024531398462468686,0.03850363488423148,40,Antidiabetic
CIMZIA,0.057268722466960346,5.614580634015721e-05,0.11365882804089443,39,Immunosuppressant
REMICADE,0.057268722466960346,0.0016757363738446921,0.09074921745316092,39,Immunosuppressant
XELJANZ,0.057268722466960346,0.0,0.11807808262446448,39,Immunosuppressant
ADALIMUMAB,0.05580029368575624,0.0017534767210849098,0.1172015919414369,38,Immunosuppressant
PERPRAZOLE,0.05580029368575624,0.00047939880798134233,0.04348043287940172,38,Unclassified
ARAVA,0.05580029368575624,0.00011229161268031441,0.11015946627462991,38,Immunosuppressant
INFLIXIMAB,0.05433186490455213,0.0031787164204889005,0.09254527671670083,37,Immunosuppressant
OPSUMIT,0.05433186490455213,0.005981687829316748,0.030966285330385628,37,Cardiovascular (Other)
MELATONINA,0.05433186490455213,0.004284356914571996,0.041676172304425455,37,Psycholeptic
CETIRIZINE,0.05433186490455213,0.0007169387578820074,0.09377853332371089,37,Respiratory (Other)
MYCOPHENOLATE MOFETIL,0.05286343612334801,0.008871037401744839,0.06938598183360513,36,Immunosuppressant
DESOXIMETASONE,0.05286343612334801,4.318908180012093e-06,0.1325919848870151,36,Dermatological
CLONAZEPAM,0.05286343612334801,0.011077999481731018,0.022843269676157345,36,Antiepileptic
CLOPIDOGREL,0.05286343612334801,0.0011013215859030838,0.033030487746266796,36,Antithrombotic
ROSUVASTATIN,0.0513950073421439,0.005264749071434741,0.024476266149575213,35,Lipid Modifying
SERTRALINE,0.0513950073421439,0.002405631856266736,0.03047987720720487,35,Psychoanaleptic
CARBOPLATIN,0.0513950073421439,0.002923900837868187,0.056828757877597266,35,Antineoplastic
METOPROLOL,0.0513950073421439,0.0017102876392847887,0.02508470765649789,35,Beta Blocker
METOCLOPRAMIDE,0.049926578560939794,0.0009890299732227693,0.047564535741947446,34,Alimentary/Metabolism
PIPERACILLIN SODIUM\TAZOBACTAM SODIUM,0.049926578560939794,0.0011876997495033255,0.055979004274010605,34,Antibacterial
TADALAFIL,0.049926578560939794,0.0014166018830439665,0.03515240600370294,34,Cardiovascular (Other)
MAGNESIUM OXIDE,0.04845814977973568,0.009207912239785782,0.03438641557790705,33,Alimentary/Metabolism
LOPERAMIDE,0.04698972099853157,0.00033687483804094325,0.041178973320363445,32,Alimentary/Metabolism
BACTRIM,0.04698972099853157,0.0001252483372203507,0.042249966605829935,32,Antibacterial
AMIODARONE,0.04698972099853157,0.0002634533989807377,0.04095388027998449,32,Cardiovascular (Other)
CEFTRIAXONE,0.04552129221732746,0.0022112809881661916,0.037766120365311275,31,Antibacterial
QUETIAPINE FUMARATE,0.04552129221732746,0.00015548069448043534,0.07075521325072118,31,Psycholeptic
METOPROLOL SUCCINATE,0.04552129221732746,0.0011272350349831562,0.023485574977141505,31,Beta Blocker
LEVETIRACETAM,0.04552129221732746,0.0061717197892372806,0.04378046117900171,31,Antiepileptic
BISOPROLOL FUMARATE,0.04552129221732746,0.0030361924505485013,0.03720350329711624,31,Beta Blocker
ALENDRONATE SODIUM,0.04552129221732746,5.1826898160145116e-05,0.1118690018674753,31,Musculoskeletal (Other)
FERROUS SULFATE,0.04405286343612334,0.0004362097261812214,0.03216108692349882,30,Blood (Other)
ERELZI,0.04405286343612334,6.0464714520169305e-05,0.10375404184537258,30,Immunosuppressant
HYDROCHLOROTHIAZIDE,0.04405286343612334,0.0012265699231234343,0.027510411802471428,30,RAAS Inhibitor
VALACYCLOVIR HYDROCHLORIDE,0.042584434654919234,0.007026863608879675,0.029101361736129146,29,Antiviral
KARDEGIC,0.042584434654919234,0.0001295672454003628,0.04325721338382138,29,Antithrombotic
FILGRASTIM,0.042584434654919234,0.0013604560767038092,0.04120609219539448,29,Antineoplastic/Immuno (Other)
RISPERIDONE,0.042584434654919234,0.0006391984106417898,0.029936538318156954,29,Psycholeptic
BUMETANIDE,0.041116005873715125,0.0,0.03417160543068722,28,Cardiovascular (Other)
CELECOXIB,0.041116005873715125,4.7507989980133024e-05,0.07934934085364018,28,Antineoplastic
PSEUDOEPHEDRINE HYDROCHLORIDE,0.041116005873715125,0.0,0.09512030030785158,28,Respiratory (Other)
CANDESARTAN,0.041116005873715125,0.003152802971408828,0.060597459686999894,28,RAAS Inhibitor
PHTHALYLSULFATHIAZOLE,0.041116005873715125,0.0,0.09966642245699947,28,Alimentary/Metabolism
CORTISONE ACETATE,0.03964757709251101,0.00288934957242809,0.10086708736599316,27,Corticosteroid
TOCILIZUMAB,0.03964757709251101,0.0007471711151420921,0.06943586144883615,27,Immunosuppressant
PROPOFOL,0.0381791483113069,0.013241772479917077,0.015420731588047444,26,Anesthetic
LANTUS,0.0381791483113069,0.0003584693789410037,0.03084976461922907,26,Antidiabetic
HYDROMORPHONE,0.0381791483113069,0.0020126112118856354,0.03434917454157068,26,Analgesic/Opioid
CARBIDOPA / LEVODOPA,0.0381791483113069,0.012680314416515504,0.01947864714926983,26,Nervous System (Other)
SILDENAFIL CITRATE,0.03671071953010279,0.0,0.026524076392385933,25,Genitourinary
AMBRISENTAN,0.03671071953010279,1.7275632720048372e-05,0.0220571235284279,25,Cardiovascular (Other)
FOSAMAX,0.03671071953010279,0.0,0.09891383281515134,25,Musculoskeletal (Other)
VALSARTAN,0.03671071953010279,2.1594540900060463e-05,0.026370502916155118,25,RAAS Inhibitor
TAMSULOSIN,0.035242290748898675,0.0010581325041029628,0.02158813068311593,24,Genitourinary
DIPHENHYDRAMINE,0.035242290748898675,0.00011229161268031441,0.02885578462496138,24,Anti-inflammatory (NSAID)
EPINEPHRINE,0.035242290748898675,0.01553943163168351,0.02188430928250464,24,Cardiovascular (Other)
CALCIUM,0.035242290748898675,0.0025265612853070745,0.041629141192121584,24,Alimentary/Metabolism
SODIUM BICARBONATE,0.033773861967694566,0.0004362097261812214,0.027068167293238278,23,Blood (Other)
TYLENOL,0.033773861967694566,0.0003584693789410037,0.020004051903209898,23,Analgesic/Opioid
DICLOFENAC DIETHYLAMMONIUM,0.033773861967694566,0.0006132849615617172,0.07749111144477641,23,Anti-inflammatory (NSAID)
OXYCODONE HYDROCHLORIDE,0.033773861967694566,0.0009501597996026605,0.05801583892851823,23,Analgesic/Opioid
CYTARABINE,0.032305433186490456,0.004660101926233048,0.01771713597728354,22,Antineoplastic
CODEINE,0.032305433186490456,0.0008896950850824911,0.04612017332362109,22,Analgesic/Opioid
XARELTO,0.032305433186490456,0.0015504880366243414,0.0248344581107197,22,Antithrombotic
URSADIOL 300 MG ORAL CAPSULE [URSODIOL],0.032305433186490456,0.0015634447611643776,0.03336495382367165,22,Unclassified
ZOFRAN,0.032305433186490456,0.0049969767642739915,0.01792478351769232,22,Alimentary/Metabolism
INSULIN,0.032305433186490456,0.0008724194523624428,0.024631847323524324,22,Antidiabetic
VORICONAZOLE,0.032305433186490456,0.0013215859030837004,0.021126490031257557,22,Anti-infective (Other)
AMLODIPINE BESYLATE,0.03083700440528634,0.00028072903170078605,0.018191323647758995,21,Cardiovascular (Other)
HUMALOG,0.03083700440528634,0.0004707609916213181,0.018388991126673495,21,Antidiabetic
DIGOXIN,0.03083700440528634,8.637816360024186e-06,0.02602874092180548,21,Narrow Therapeutic Index
TOPIRAMATE,0.03083700440528634,0.0004405286343612335,0.04156290244480938,21,Antiepileptic
METOPROLOL TARTRATE,0.02936857562408223,0.001585039302064438,0.02264064157869615,20,Beta Blocker
CELEBREX,0.02936857562408223,0.0028072903170078605,0.042389681494632,20,Antineoplastic
ADEMPAS,0.02936857562408223,0.00048371771616135444,0.016274403408900396,20,Cardiovascular (Other)
OXAZEPAM,0.02936857562408223,4.3189081800120926e-05,0.030614928111083774,20,Psycholeptic
TYVASO,0.02936857562408223,0.0,0.023498780662551812,20,Antithrombotic
METHYLPREDNISOLONE SODIUM SUCCINATE,0.02936857562408223,0.00016411851084045952,0.06992301974382882,20,Corticosteroid
IRBESARTAN,0.02790014684287812,0.0,0.019812952947352223,19,RAAS Inhibitor
PROCHLORPERAZINE,0.02790014684287812,0.0003843828280210763,0.022901833493556144,19,Psycholeptic
CIPROFLOXACIN,0.02790014684287812,0.003152802971408828,0.01788331799140255,19,Antibacterial
VITAMINS,0.02790014684287812,0.00046212317526129397,0.014246570809556934,19,Alimentary/Metabolism
AMOXICILLIN,0.02790014684287812,0.004366416169992226,0.02352546141698249,19,Antibacterial
SERTRALINE HYDROCHLORIDE,0.02790014684287812,0.00018139414356050791,0.02446669153542534,19,Psychoanaleptic
AMOXICILLIN / CLAVULANATE,0.026431718061674006,0.0006132849615617172,0.02252079963806175,18,Antibacterial
ESCITALOPRAM,0.026431718061674006,0.0005312257061414875,0.018989841331611832,18,Psychoanaleptic
DIPYRONE,0.026431718061674006,0.00014252396994039908,0.033145741037332435,18,Analgesic/Opioid
TRELEGY ELLIPTA,0.026431718061674006,0.0005182689816014512,0.02226509408060261,18,Anti-asthmatic
FLUOXETINE,0.026431718061674006,0.0008249114623823097,0.01759288195833311,18,Psychoanaleptic
SENNOSIDES,0.026431718061674006,0.0005528202470415479,0.017419270006292367,18,Alimentary/Metabolism
DILTIAZEM,0.026431718061674006,0.0012870346376436038,0.02876697620571438,18,Cardiovascular (Other)
TRAMADOL,0.024963289280469897,0.00032823702168091905,0.016404514898480237,17,Analgesic/Opioid
KEVZARA,0.024963289280469897,0.0,0.054862235752441424,17,Immunosuppressant
AMPHOTERICIN B,0.024963289280469897,0.0015418502202643172,0.014161473517982538,17,Anti-infective (Other)
HYDROXYZINE,0.024963289280469897,0.00019866977628055628,0.014711928677296125,17,Psycholeptic
CLONIDINE,0.024963289280469897,0.0003455126544009674,0.011746954235336494,17,Analgesic/Opioid
ZOLPIDEM,0.024963289280469897,3.8870173620108835e-05,0.020323189654638498,17,Psycholeptic
ALENDRONIC ACID,0.023494860499265784,0.0,0.06794929791427638,16,Musculoskeletal (Other)
ARIPIPRAZOLE,0.023494860499265784,0.002142178457285998,0.010676406639195347,16,Psycholeptic
MIDAZOLAM,0.023494860499265784,0.006966398894359506,0.010966667893364698,16,Psycholeptic
VENLAFAXINE,0.023494860499265784,0.0001252483372203507,0.01415430414777348,16,Psychoanaleptic
LINEZOLID,0.023494860499265784,0.0062840114019175955,0.024424980341089714,16,Antibacterial
VENCLEXTA,0.023494860499265784,0.0060119201865768334,0.01319155336966918,16,Antineoplastic
POSACONAZOLE,0.023494860499265784,0.0013129480867236762,0.019317907177997362,16,Anti-infective (Other)
OZEMPIC,0.02202643171806167,0.0034205752785695775,0.011913893187026032,15,Antidiabetic
TYVASO DPI,0.02202643171806167,0.0004362097261812214,0.011518693541798531,15,Antithrombotic
VALACICLOVIR,0.02202643171806167,0.0001166105208603265,0.02280223800066535,15,Antiviral
MORPHINE SULFATE,0.02202643171806167,0.00016843741902047163,0.02084848312923813,15,Analgesic/Opioid
DULOXETINA,0.02202643171806167,0.0017362010883648614,0.011158284036858136,15,Psychoanaleptic
ORENITRAM,0.02202643171806167,1.7275632720048372e-05,0.013230514534064807,15,Antithrombotic
METRONIDAZOLE,0.02202643171806167,0.0002980046644208344,0.020037599879564535,15,Antibacterial
LAMOTRIGINE,0.02202643171806167,0.00047507989980133023,0.0166143061561374,15,Antiepileptic
TRIAMCINOLONE ACETONIDE,0.02202643171806167,0.0,0.053877797611679656,15,Corticosteroid
MIRALAX,0.02202643171806167,0.00010365379632029023,0.016462263506299594,15,Alimentary/Metabolism
STELARA,0.02202643171806167,5.614580634015721e-05,0.05237186531369096,15,Immunosuppressant
TRULICITY,0.02202643171806167,0.00033255592986093115,0.010442714498550007,15,Antidiabetic
CLOZAPINE,0.02202643171806167,0.004824220437073508,0.010504536017940639,15,Psycholeptic
FLUDARABINE,0.02202643171806167,0.001580720393884426,0.017245856968137366,15,Antineoplastic
LYRICA,0.020558002936857563,4.3189081800120926e-05,0.026184255049206757,14,Analgesic/Opioid
DAPAGLIFLOZIN,0.020558002936857563,0.008866718493564827,0.008517083735876074,14,Antidiabetic
TREPROSTINIL,0.020558002936857563,0.0,0.014776878472753633,14,Antithrombotic
INSULIN GLARGINE,0.020558002936857563,0.00015979960266044744,0.01795534394068607,14,Antidiabetic
PIPERACILLIN / TAZOBACTAM,0.020558002936857563,0.0,0.02386274085426846,14,Antibacterial
ENTRESTO,0.020558002936857563,0.00014252396994039908,0.01840669133879608,14,RAAS Inhibitor
ETOPOSIDE,0.020558002936857563,0.005627537358555757,0.013726139369961048,14,Antineoplastic
CITALOPRAM,0.020558002936857563,0.0002936857562408223,0.014661432029793139,14,Psychoanaleptic
PROTONIX,0.020558002936857563,6.910253088019349e-05,0.016244980930966137,14,Alimentary/Metabolism
KETOPROFEN,0.020558002936857563,0.0016541418329446317,0.013028980163252775,14,Anti-inflammatory (NSAID)
LOSARTAN,0.020558002936857563,0.0001727563272004837,0.008803603649279245,14,RAAS Inhibitor
NIFEDIPINE,0.020558002936857563,0.00021162650082059257,0.015561831884495374,14,Beta Blocker
KEYTRUDA,0.020558002936857563,0.001995335579165587,0.016938187007453736,14,Antineoplastic
SOTATERCEPT,0.01908957415565345,9.069707178025396e-05,0.011476687120016496,13,Cardiovascular (Other)
CERTOLIZUMAB PEGOL,0.01908957415565345,7.342143906020558e-05,0.041941503523183335,13,Immunosuppressant
CEFEPIME,0.01908957415565345,0.0,0.025844911954252404,13,Antibacterial
LIDOCAINE,0.01908957415565345,0.0,0.013794361496186567,13,Cardiovascular (Other)
CLOTRIMAZOLE,0.01908957415565345,7.774034724021767e-05,0.017974447552899495,13,Dermatological
CALCIUM CARBONATE / CHOLECALCIFEROL,0.01908957415565345,0.0020212490282456594,0.021833774504036157,13,Alimentary/Metabolism
ENOXAPARIN SODIUM,0.01908957415565345,0.0014295586075840027,0.022318178886959125,13,Antithrombotic
SILDENAFILO,0.017621145374449337,0.00019435086810054417,0.018101473822259975,12,Genitourinary
HEPARIN,0.017621145374449337,0.0032780513086291783,0.01205261907457932,12,Antithrombotic
PEMBROLIZUMAB,0.017621145374449337,0.00027641012352077395,0.024275226582591132,12,Antineoplastic
KORTISON,0.017621145374449337,0.0,0.03487124503548123,12,Corticosteroid
WINREVAIR,0.017621145374449337,5.1826898160145116e-05,0.010292509100183641,12,Cardiovascular (Other)
FEBUXOSTAT,0.017621145374449337,1.7275632720048372e-05,0.015349567833864753,12,Musculoskeletal (Other)
AMITRIPTYLINE HYDROCHLORIDE,0.017621145374449337,0.00018571305174052,0.007058040265881797,12,Psychoanaleptic
LITHIUM,0.017621145374449337,8.637816360024185e-05,0.015926165620580628,12,Narrow Therapeutic Index
BUPROPION,0.017621145374449337,7.342143906020558e-05,0.008857358549057882,12,Psychoanaleptic
CETIRIZINE HYDROCHLORIDE\PSEUDOEPHEDRINE HYDROCHLORIDE,0.017621145374449337,0.0,0.0656430375671474,12,Respiratory (Other)
SYMBICORT,0.017621145374449337,0.0,0.014296856245298098,12,Anti-asthmatic
COCAINE,0.016152716593245228,0.0076358296622613805,0.011841114284475643,11,Anesthetic
SPIRIVA,0.016152716593245228,0.00074285220696208,0.013672062324492777,11,Anti-asthmatic
ATIVAN,0.016152716593245228,0.0,0.025442704039852253,11,Psycholeptic
OTEZLA,0.016152716593245228,0.0,0.03666279047113499,11,Immunosuppressant
GLICLAZIDE,0.016152716593245228,0.0001727563272004837,0.013335650357588748,11,Antidiabetic
VINCRISTINE,0.016152716593245228,0.003057786991448562,0.019254001444077407,11,Antineoplastic
LORATADINE,0.016152716593245228,8.637816360024185e-05,0.014692444147069654,11,Respiratory (Other)
ONDANSETRON HYDROCHLORIDE,0.016152716593245228,8.637816360024186e-06,0.0118881013182264,11,Alimentary/Metabolism
VITAMIN D NOS,0.016152716593245228,0.0,0.013018215629637847,11,Alimentary/Metabolism
BUPRENORPHINE,0.016152716593245228,0.0004275719098211972,0.0074456674872219845,11,Analgesic/Opioid
SITAGLIPTIN,0.016152716593245228,0.0002591344908007256,0.0121652326382591,11,Antidiabetic
LACTULOSE,0.016152716593245228,0.003524229074889868,0.013536363624245427,11,Alimentary/Metabolism
AZATHIOPRINE,0.016152716593245228,0.00042325300164118513,0.026283148339059318,11,Immunosuppressant
GLIPIZIDE,0.014684287812041116,0.00033687483804094325,0.006705224225460416,10,Antidiabetic
POTASSIUM,0.014684287812041116,0.0,0.012054177796663427,10,Cardiovascular (Other)
LIDOCAINE HYDROCHLORIDE,0.014684287812041116,0.00020730759264058046,0.004237740680356718,10,Cardiovascular (Other)
PACLITAXEL,0.014684287812041116,0.001528893495724281,0.013323700856263243,10,Antineoplastic
DOXYCYCLINE,0.014684287812041116,0.0005053122570614149,0.0176777534972067,10,Antibacterial
KETAMINE,0.014684287812041116,0.0,0.010086979783723464,10,Anesthetic
GOLIMUMAB,0.014684287812041116,0.00019435086810054417,0.021472801375508947,10,Immunosuppressant
LECITHIN,0.014684287812041116,0.0,0.005883294918568116,10,Alimentary/Metabolism
KETAMINE HYDROCHLORIDE,0.014684287812041116,0.0,0.005522714115658064,10,Anesthetic
BUDESONIDE,0.014684287812041116,0.000980392156862745,0.012206006033452468,10,Anti-asthmatic
LIPITOR,0.014684287812041116,0.00020730759264058046,0.00733385394185403,10,Lipid Modifying
FLUTICASONA,0.014684287812041116,0.0001166105208603265,0.013430367816760396,10,Anti-asthmatic
TYLENOL EXTRA STRENGTH,0.014684287812041116,0.0,0.010953934064362606,10,Analgesic/Opioid
RISEDRONATE SODIUM,0.014684287812041116,2.5913449080072558e-05,0.021462482655125716,10,Musculoskeletal (Other)
POLOXAMER,0.014684287812041116,0.0,0.005777194605947373,10,Alimentary/Metabolism
JANUVIA,0.013215859030837003,0.0,0.011887144173585803,9,Antidiabetic
VENETOCLAX,0.013215859030837003,0.0025870259998272437,0.010750479773532927,9,Antineoplastic
HALOPERIDOL,0.013215859030837003,0.0,0.010708394358973753,9,Psycholeptic
LENALIDOMIDE,0.013215859030837003,0.0,0.01413046662147263,9,Immunosuppressant
ENOXAPARIN,0.013215859030837003,0.0,0.017781702609092526,9,Antithrombotic
PAROXETINE,0.013215859030837003,0.0,0.012316341413548202,9,Psychoanaleptic
DOCUSATE SODIUM,0.013215859030837003,0.00014684287812041116,0.012236909345695289,9,Alimentary/Metabolism
ROSUVASTATIN CALCIUM,0.013215859030837003,4.318908180012093e-06,0.00836058647416851,9,Lipid Modifying
VALPROIC ACID,0.013215859030837003,7.774034724021767e-05,0.006932551790468028,9,Narrow Therapeutic Index
TRAZODONE HYDROCHLORIDE,0.013215859030837003,0.0,0.010690143311988339,9,Psychoanaleptic
NOVOLOG,0.013215859030837003,3.8870173620108835e-05,0.008680327314409278,9,Antidiabetic
FARXIGA,0.013215859030837003,4.318908180012093e-06,0.010022494128414125,9,Antidiabetic
GLYCERYL TRINITRATE,0.013215859030837003,0.00022026431718061675,0.014013027708645348,9,Cardiovascular (Other)
LOVENOX,0.013215859030837003,0.0,0.022100848173664162,9,Antithrombotic
PERINDOPRIL,0.013215859030837003,0.00019866977628055628,0.00981925828232583,9,RAAS Inhibitor
PLAVIX,0.013215859030837003,0.0010279001468428781,0.007591855400280873,9,Antithrombotic
TEDUGLUTIDE,0.013215859030837003,0.005795974777576229,0.006157823114319641,9,Alimentary/Metabolism
HUMAN IMMUNOGLOBULIN G,0.013215859030837003,0.003010279001468429,0.01107830347406039,9,Anti-infective (Other)
PEMETREXED,0.013215859030837003,0.0,0.016451657967470418,9,Antineoplastic
GANCICLOVIR,0.013215859030837003,8.637816360024185e-05,0.011986252106545768,9,Antiviral
FERRUM,0.011747430249632892,0.0,0.010453574324792162,8,Blood (Other)
AZACITIDINE,0.011747430249632892,0.0005269067979614754,0.006559736275776123,8,Antineoplastic
MERCAPTOPURINE,0.011747430249632892,0.0010538135959229508,0.0025921881522548837,8,Antineoplastic
VOLTARENE,0.011747430249632892,0.0,0.027116785920457697,8,Anti-inflammatory (NSAID)
UPTRAVI,0.011747430249632892,8.637816360024186e-06,0.004610574079148972,8,Antithrombotic
CELLCEPT,0.011747430249632892,0.0017232443638248252,0.013945033987823494,8,Immunosuppressant
FLUOROURACIL,0.011747430249632892,0.002880711756068066,0.009801337688388064,8,Antineoplastic
PULMOZYME,0.011747430249632892,0.0030016411851084045,0.0030768576500357445,8,Respiratory (Other)
(-)-ARTERENOL,0.011747430249632892,0.003100976073248683,0.007723194633388541,8,Unclassified
VONOPRAZAN FUMARATE,0.011747430249632892,0.0004362097261812214,0.00922722386725816,8,Alimentary/Metabolism
TAMSULOSIN HYDROCHLORIDE,0.011747430249632892,6.0464714520169305e-05,0.010766268347317623,8,Genitourinary
HYDRALAZINE,0.011747430249632892,0.00045780426708128186,0.005658108895722457,8,Cardiovascular (Other)
OFEV,0.011747430249632892,5.614580634015721e-05,0.006159562621672764,8,Antineoplastic
DIPHENHYDRAMINE HYDROCHLORIDE,0.011747430249632892,1.2956724540036279e-05,0.010523162282477244,8,Anti-inflammatory (NSAID)
INSULIN ASPART,0.011747430249632892,0.0,0.01209873597878808,8,Antidiabetic
BENZONATATE,0.011747430249632892,0.00018139414356050791,0.010805573440152384,8,Respiratory (Other)
MESNA,0.011747430249632892,0.0017577956292649218,0.010652454083870729,8,Respiratory (Other)
ACETAMINOPHEN / HYDROCODONE,0.011747430249632892,2.1594540900060463e-05,0.007933364707534427,8,Analgesic/Opioid
MIDODRINE HYDROCHLORIDE,0.011747430249632892,0.0,0.016243118332696878,8,Cardiovascular (Other)
METHADONE,0.011747430249632892,0.0,0.010188339337134943,8,Nervous System (Other)
OXALIPLATIN,0.011747430249632892,0.0,0.011977314669155033,8,Antineoplastic
METHOTREXATE SODIUM,0.010279001468428781,0.0026777230716074976,0.007886699668632823,7,Antineoplastic
RINVOQ,0.010279001468428781,0.00011229161268031441,0.010255024326909902,7,Immunosuppressant
ESCITALOPRAM OXALATE,0.010279001468428781,0.0,0.009871613336569714,7,Psychoanaleptic
EPIDIOLEX,0.010279001468428781,0.006262416861017535,0.001227183380959455,7,Antiepileptic
DONEPEZILO,0.010279001468428781,1.7275632720048372e-05,0.007332759759113618,7,Psychoanaleptic
DOXYCYCLINE HYCLATE,0.010279001468428781,0.0,0.019219230751388476,7,Antibacterial
CYCLOSPORINE,0.010279001468428781,0.001213613198583398,0.00577054647854809,7,Narrow Therapeutic Index
KEPPRA,0.010279001468428781,0.0032478189513690937,0.0051281412813422725,7,Antiepileptic
DOXORUBICIN,0.010279001468428781,0.0,0.012595433350857447,7,Antineoplastic
NYSTATIN,0.010279001468428781,0.0,0.012592340102316456,7,Antibacterial
EZETIMIBE,0.010279001468428781,3.0232357260084652e-05,0.005924013452033483,7,Lipid Modifying
ATOVAQUONE,0.010279001468428781,0.0,0.017300790312419073,7,Antiparasitic
ALCOHOL,0.010279001468428781,2.5913449080072558e-05,0.006426351745108891,7,Various
EMPAGLIFLOZIN,0.010279001468428781,0.00015548069448043534,0.007117287622565158,7,Antidiabetic
NEBIVOLOL,0.010279001468428781,0.0,0.012832433220422336,7,RAAS Inhibitor
VALPROATE SODIUM,0.010279001468428781,3.0232357260084652e-05,0.005567851196336569,7,Narrow Therapeutic Index
BACLOFEN,0.010279001468428781,0.0,0.006664741110391718,7,Musculoskeletal (Other)
HYRIMOZ,0.010279001468428781,4.7507989980133024e-05,0.023660264376403412,7,Immunosuppressant
CICLOBENZAPRINA,0.008810572687224669,0.0,0.005837408542341657,6,Musculoskeletal (Other)
ENALAPRIL,0.008810572687224669,0.0,0.011771116438347372,6,RAAS Inhibitor
METOLAZONE,0.008810572687224669,0.0,0.010388898279672468,6,Cardiovascular (Other)
WARFARIN,0.008810572687224669,0.0,0.006871616622429454,6,Narrow Therapeutic Index
FLUTICASONE PROPIONATE,0.008810572687224669,0.0,0.007528532602728269,6,Anti-asthmatic
LACOSAMIDE,0.008810572687224669,9.933488814027814e-05,0.0038375944472690804,6,Antiepileptic
MYRBETRIQ,0.008810572687224669,0.0,0.013577093394303314,6,Genitourinary
ASPARAGINASE,0.008810572687224669,0.0004362097261812214,0.003342203332272829,6,Antineoplastic
METHOCARBAMOL,0.008810572687224669,0.0,0.005140398630186831,6,Musculoskeletal (Other)
MIDODRINE,0.008810572687224669,0.002975727736028332,0.005940628797482361,6,Cardiovascular (Other)
VINCRISTINE SULFATE,0.008810572687224669,2.1594540900060463e-05,0.011129076468392337,6,Antineoplastic
AMITRIPTYLINE,0.008810572687224669,0.00288934957242809,0.005732136353725456,6,Psychoanaleptic
MUCINEX,0.008810572687224669,0.0,0.006850644992535742,6,Respiratory (Other)
CASPOFUNGIN,0.008810572687224669,0.0,0.006398207523853437,6,Anti-infective (Other)
AIMOVIG,0.008810572687224669,0.00288934957242809,0.01798335625376563,6,Analgesic/Opioid
APREMILAST,0.008810572687224669,0.0,0.01802143309978325,6,Immunosuppressant
PROPRANOLOL,0.008810572687224669,0.00288934957242809,0.003388412392762555,6,Beta Blocker
CEFAZOLIN,0.007342143906020558,0.0,0.006932012684830454,5,Antibacterial
DAPTOMYCIN,0.007342143906020558,0.0,0.006058040114577055,5,Antibacterial
TICAGRELOR,0.007342143906020558,4.7507989980133024e-05,0.003820704138529071,5,Antithrombotic
ZYRTEC,0.007342143906020558,0.0,0.005846576177986907,5,Respiratory (Other)
MICAFUNGIN,0.007342143906020558,0.0,0.005876370693633471,5,Anti-infective (Other)
CANDESARTAN CILEXETIL,0.007342143906020558,0.0,0.00689478590658955,5,RAAS Inhibitor
ALBUTEROL / IPRATROPIUM,0.007342143906020558,0.0,0.012165027123752403,5,Anti-asthmatic
PRAMIPEXOLE,0.007342143906020558,0.0016541418329446317,0.0055150400624792185,5,Nervous System (Other)
DIVALPROEX SODIUM,0.007342143906020558,0.0,0.006332935340211983,5,Narrow Therapeutic Index
DULOXETINE HYDROCHLORIDE,0.007342143906020558,4.318908180012093e-06,0.006594283007211911,5,Psychoanaleptic
ADVAIR HFA,0.007342143906020558,0.0,0.005463813307911344,5,Anti-asthmatic
MOVICOL,0.007342143906020558,0.0,0.011747254219827832,5,Alimentary/Metabolism
DENOSUMAB,0.007342143906020558,0.00288934957242809,0.006762397064336842,5,Musculoskeletal (Other)
ATENOLOL,0.007342143906020558,0.0,0.006421494493208383,5,Beta Blocker
TORIPALIMAB,0.007342143906020558,1.7275632720048372e-05,0.003479295416209264,5,Antineoplastic
RIVAROXABAN,0.007342143906020558,1.7275632720048372e-05,0.005182155963244472,5,Antithrombotic
IPRATROPIUM BROMIDE,0.007342143906020558,0.0,0.005340536962947892,5,Anti-asthmatic
BUSPIRONE,0.007342143906020558,0.0,0.00554334196442472,5,Psycholeptic
TOFACITINIB,0.007342143906020558,0.0,0.010345777069944809,5,Immunosuppressant
PLAQUENIL,0.007342143906020558,0.00022026431718061675,0.00987691174907406,5,Antiparasitic
FINASTERIDE,0.007342143906020558,6.47836227001814e-05,0.0035741776619572017,5,Genitourinary
THIAMINE,0.007342143906020558,0.0,0.009923924494548656,5,Alimentary/Metabolism
MYCOPHENOLIC ACID,0.007342143906020558,0.0,0.006246580170919677,5,Immunosuppressant
CREON,0.007342143906020558,0.0,0.004047406010845052,5,Alimentary/Metabolism
ISMN,0.007342143906020558,0.0,0.008497029644078011,5,Cardiovascular (Other)
IMODIUM,0.005873715124816446,5.1826898160145116e-05,0.006770236191169284,4,Alimentary/Metabolism
CLINDAMYCIN,0.005873715124816446,0.0,0.00623260284642121,4,Antibacterial
MOUNJARO,0.005873715124816446,0.0,0.003860957472836974,4,Antidiabetic
AZTREONAM LYSINE,0.005873715124816446,0.0,0.002064871505071812,4,Unclassified
PHENOBARBITAL,0.005873715124816446,0.0,0.003131348830950106,4,Antiepileptic
ALDACTONE,0.005873715124816446,0.0,0.004085021257114246,4,Cardiovascular (Other)
TOFACITINIB CITRATE,0.005873715124816446,0.0,0.015058366752540738,4,Immunosuppressant
TOBRAMYCIN,0.005873715124816446,0.0,0.004233201653282821,4,Antibacterial
MONTELUKAST SODIUM,0.005873715124816446,0.0,0.005222386060993142,4,Anti-asthmatic
BOTULINUM TOXIN TYPE A,0.005873715124816446,0.0030059600932884167,0.005373943568566854,4,Musculoskeletal (Other)
LINAGLIPTIN,0.005873715124816446,0.0,0.006458918461559343,4,Antidiabetic
CYAMEMAZINE,0.005873715124816446,0.0,0.009792219436731338,4,Psycholeptic
LAMICTAL,0.005873715124816446,0.0,0.020127532817906434,4,Antiepileptic
CISPLATIN,0.005873715124816446,0.0058175693184762895,0.002205824913000543,4,Antineoplastic
GLUCOSAMINA,0.005873715124816446,0.0,0.011533016259918894,4,Anti-inflammatory (NSAID)
SUFENTANIL,0.005873715124816446,0.0,0.0063023603206206705,4,Anesthetic
SYNTHROID,0.005873715124816446,0.0,0.0027515841111534155,4,Hormonal
LOXAPINE,0.005873715124816446,0.0,0.004123800192858295,4,Psycholeptic
PEGASPARGASE,0.005873715124816446,0.00024185885808067722,0.0029042036507004134,4,Antineoplastic
INSULIN LISPRO,0.005873715124816446,0.0,0.0031278124128252456,4,Antidiabetic
DOMPERIDONE,0.005873715124816446,1.7275632720048372e-05,0.009362954256810392,4,Alimentary/Metabolism
RANITIDINA,0.005873715124816446,0.0,0.008485701311861675,4,Alimentary/Metabolism
LEUCOVORIN CALCIUM,0.005873715124816446,0.00288934957242809,0.007798817773856413,4,Various
ANAKINRA,0.005873715124816446,0.0008421870951023582,0.003207106214321476,4,Immunosuppressant
AMIKACIN,0.005873715124816446,0.0,0.00411956170498755,4,Antibacterial
COLCHICINE,0.005873715124816446,0.0,0.0039036403892416774,4,Musculoskeletal (Other)
NUCALA,0.005873715124816446,0.0004405286343612335,0.0024468136054684804,4,Anti-asthmatic
"CAVIAR, UNSPECIFIED",0.005873715124816446,0.011518528116092252,0.0007680972404644278,4,Unclassified
USTEKINUMAB,0.005873715124816446,0.0006305605942817656,0.006946778305923037,4,Immunosuppressant
WARFARIN SODIUM,0.005873715124816446,0.0,0.005685610313980713,4,Narrow Therapeutic Index
ETORICOXIB,0.005873715124816446,0.0,0.011748515267057735,4,Anti-inflammatory (NSAID)
EPCORITAMAB,0.005873715124816446,0.0,0.014890948429984799,4,Antineoplastic
VENLAFAXINE HYDROCHLORIDE,0.005873715124816446,0.0,0.004709216757477016,4,Psychoanaleptic
LERCANIDIPINO,0.005873715124816446,0.0,0.0118784742742849,4,Cardiovascular (Other)
LANTUS SOLOSTAR,0.005873715124816446,0.0,0.002550842203446166,4,Antidiabetic
DILAUDID,0.005873715124816446,8.637816360024186e-06,0.0070425309848207735,4,Analgesic/Opioid
PHENYLEPHRINE,0.004405286343612334,0.0,0.0004768443863944726,3,Cardiovascular (Other)
IPRATROPIUM,0.004405286343612334,0.0,0.006875087068214933,3,Anti-asthmatic
HYDROXYZINE DIHYDROCHLORIDE,0.004405286343612334,0.0,0.006088098142253882,3,Psycholeptic
MESALAMINE,0.004405286343612334,2.1594540900060463e-05,0.003569194801099869,3,Alimentary/Metabolism
ADCIRCA,0.004405286343612334,0.0,0.0009658929200815573,3,Genitourinary
HYDROMORPHONE HYDROCHLORIDE,0.004405286343612334,2.1594540900060463e-05,0.002738231745626082,3,Analgesic/Opioid
FLONASE ALLERGY RELIEF,0.004405286343612334,0.0,0.0036875961004849637,3,Respiratory (Other)
LETROZOLE,0.004405286343612334,0.0,0.004500054919175617,3,Antineoplastic/Immuno (Other)
LENVIMA,0.004405286343612334,0.0,0.0028230201655210694,3,Antineoplastic
CEFTAZIDIME,0.004405286343612334,0.0,0.003456270881433391,3,Antibacterial
VASOPRESSIN,0.004405286343612334,0.0,0.0005510508601798013,3,Hormonal
SULFAMETHOXAZOLE,0.004405286343612334,0.0,0.006416222105901872,3,Antibacterial
MENTHOL/MINERAL OIL/VITAMIN A,0.004405286343612334,6.910253088019349e-05,0.0038759584000873566,3,Unclassified
CANNABIS SATIVA SUBSP. INDICA TOP,0.004405286343612334,0.0,0.0032885728750678437,3,Analgesic/Opioid
G CSF,0.004405286343612334,6.0464714520169305e-05,0.0037680499502094076,3,Antineoplastic/Immuno (Other)
METHAMPHETAMINE,0.004405286343612334,0.0,0.002235523085819078,3,Psychoanaleptic
CLOZARIL,0.004405286343612334,0.0,0.005972505485594459,3,Psycholeptic
DOXORUBICIN HYDROCHLORIDE,0.004405286343612334,5.1826898160145116e-05,0.00490935471826732,3,Antineoplastic
AMPHETAMINE,0.004405286343612334,0.0,0.0033083190644531075,3,Psychoanaleptic
GLIMEPIRIDE,0.004405286343612334,0.0,0.004309898778358276,3,Antidiabetic
ALFACALCIDOL,0.004405286343612334,0.0,0.007380791968377848,3,Alimentary/Metabolism
NOREPINEPHRINE BITARTRATE,0.004405286343612334,0.0,0.006728876310386495,3,Cardiovascular (Other)
CALCIUM GLUCONATE,0.004405286343612334,0.0,0.008908390869121008,3,Alimentary/Metabolism
POLYETHYLENE GLYCOL 3350,0.004405286343612334,0.0,0.006252030716510948,3,Alimentary/Metabolism
PEPCID,0.004405286343612334,2.1594540900060463e-05,0.0018715228882856547,3,Alimentary/Metabolism
TRANEXAMIC ACID,0.004405286343612334,0.0,0.0053207014806914655,3,Blood (Other)
CARBAMAZEPINE,0.004405286343612334,0.0,0.0057928555232516004,3,Narrow Therapeutic Index
PRETOMANID,0.004405286343612334,0.0029541331951282715,0.00032339312620945033,3,Anti-infective (Other)
DEXMEDETOMIDINE,0.004405286343612334,3.0232357260084652e-05,0.0012113628911669086,3,Psycholeptic
HYDROCORTISONE ACETATE,0.004405286343612334,0.0,0.01322347666496385,3,Corticosteroid
EXTRANEAL,0.004405286343612334,0.00288934957242809,1.1431927961316854e-05,3,Genitourinary
DEXTROSE,0.004405286343612334,0.0,0.004096060952842176,3,Blood (Other)
CALCITRIOL,0.004405286343612334,0.0,0.003266212992467893,3,Alimentary/Metabolism
DECADRON,0.004405286343612334,0.0,0.005224578229128735,3,Corticosteroid
FOLINIC ACID,0.004405286343612334,4.318908180012093e-06,0.0014441522699254318,3,Various
SINGULAIR,0.004405286343612334,0.00010365379632029023,0.00384179452208841,3,Anti-asthmatic
THYMOGLOBULIN,0.004405286343612334,3.4551265440096744e-05,0.0025896755691824256,3,Immunosuppressant
FOSCARBIDOPA/FOSLEVODOPA,0.004405286343612334,0.0,0.0011951716970422294,3,Unclassified
DILTIAZEM HYDROCHLORIDE,0.004405286343612334,0.0,0.012397420563566687,3,Cardiovascular (Other)
FOSPHENYTOIN,0.002936857562408223,0.0,0.0007936837485527685,2,Narrow Therapeutic Index
BENSERAZIDE / LEVODOPA,0.002936857562408223,8.637816360024186e-06,0.0002632611265706463,2,Nervous System (Other)
ALENDRONATE,0.002936857562408223,0.0,0.0046688573575406,2,Musculoskeletal (Other)
METHYLPHENIDATE,0.002936857562408223,0.0,0.0007479596465039052,2,Psychoanaleptic
BREO ELLIPTA,0.002936857562408223,0.0,0.0034208125357153363,2,Anti-asthmatic
ETANERCEPT,0.002936857562408223,0.0,0.006860918150832316,2,Immunosuppressant
BUDESONIDE\FORMOTEROL FUMARATE,0.002936857562408223,0.0,0.002492081867809775,2,Anti-asthmatic
COVID-19 VACCINE MRNA,0.002936857562408223,0.0,0.0005907113312675491,2,Anti-infective (Other)
MOXIFLOXACIN,0.002936857562408223,5.1826898160145116e-05,0.0010230379545246356,2,Antibacterial
DIANEAL PD-2 PERITONEAL DIALYSIS SOLUTION WITH DEXTROSE,0.002936857562408223,0.0,1.4338398710272337e-05,2,Unclassified
DARZALEX,0.002936857562408223,0.0,0.002988873234089028,2,Antineoplastic
BETAMETHASONE,0.002936857562408223,0.0,0.00430914010856387,2,Corticosteroid
ACETYLCYSTEINE,0.002936857562408223,0.0,0.003945723860857481,2,Respiratory (Other)
TIZANIDINE,0.002936857562408223,0.0,0.0008685301692877355,2,Musculoskeletal (Other)
ACETAMINOPHEN\OXYCODONE HYDROCHLORIDE,0.002936857562408223,0.0,0.004639197741110658,2,Analgesic/Opioid
AMPICILLIN,0.002936857562408223,0.0,0.002104858497664661,2,Antibacterial
BUDESONIDE / FORMOTEROL,0.002936857562408223,0.0,0.0026861650227294246,2,Anti-asthmatic
IFOSFAMIDE,0.002936857562408223,4.318908180012093e-06,0.00036487421543268553,2,Antineoplastic
CHLORPHENIRAMINE MALEATE,0.002936857562408223,0.0,0.0035235697799908187,2,Respiratory (Other)
ROCURONIUM,0.002936857562408223,0.00288934957242809,0.0006781204864993521,2,Musculoskeletal (Other)
AMIODARONE HYDROCHLORIDE,0.002936857562408223,0.0,0.00394822765951599,2,Cardiovascular (Other)
BMS-830216,0.002936857562408223,0.0,0.0019473321691834931,2,Unclassified
EDOXABAN TOSYLATE,0.002936857562408223,0.0,0.003927032551376323,2,Antithrombotic
PHENYTOIN,0.002936857562408223,0.0,0.0005299885052462947,2,Narrow Therapeutic Index
MELOXICAM,0.002936857562408223,0.0,0.002901486730585415,2,Anti-inflammatory (NSAID)
PHENYLEPHRINE HYDROCHLORIDE,0.002936857562408223,0.0,0.011603508417101201,2,Cardiovascular (Other)
MAGNESIUM SULFATE,0.002936857562408223,0.0,0.008355224223162287,2,Alimentary/Metabolism
ORIDONIN,0.002936857562408223,0.0,0.006537285970157625,2,Antineoplastic
DELFLEX WITH DEXTROSE 15% LOW MAGNESIUM LOW CALCIUM,0.002936857562408223,0.0,0.0,2,Unclassified
METHOTRIMEPRAZINE,0.002936857562408223,0.0,0.006101304490266092,2,Psycholeptic
PALIPERIDONE,0.002936857562408223,0.0,0.0034261746006749006,2,Psycholeptic
ALIMTA,0.002936857562408223,0.0,0.0013830853000251241,2,Antineoplastic
DELFLEX WITH DEXTROSE 25% LOW MAGNESIUM LOW CALCIUM,0.002936857562408223,0.0,0.0,2,Unclassified
LOSARTAN POTASSIUM,0.002936857562408223,0.0,0.002027057802032837,2,RAAS Inhibitor
DUPIXENT,0.002936857562408223,0.0,0.002017157124178591,2,Dermatological
DICLOFENAC POTASSIUM,0.002936857562408223,0.0,0.005094092516414641,2,Anti-inflammatory (NSAID)
ONIVYDE,0.002936857562408223,0.0,0.0001895009907294534,2,Antineoplastic
DELFLEX WITH DEXTROSE 425% LOW MAGNESIUM LOW CALCIUM,0.002936857562408223,0.0,0.0,2,Unclassified
TELMISARTAN,0.002936857562408223,0.0,0.002879727950534131,2,RAAS Inhibitor
SPIRIVA RESPIMAT,0.002936857562408223,2.1594540900060463e-05,0.0009217128610901828,2,Anti-asthmatic
HEPARIN SODIUM,0.002936857562408223,0.0,0.004762720103068524,2,Antithrombotic
SKENAN,0.002936857562408223,0.0,0.0038710250751462223,2,Analgesic/Opioid
EPLERENONA,0.002936857562408223,0.0,0.0012033355018584446,2,Cardiovascular (Other)
BEVACIZUMAB,0.002936857562408223,0.005770061328496156,0.002496393516691354,2,Antineoplastic
SEMAGLUTIDE,0.002936857562408223,5.1826898160145116e-05,0.0006245203791656841,2,Antidiabetic
TRIKAFTA,0.002936857562408223,0.0,6.45008801279769e-05,2,Respiratory (Other)
PONATINIB,0.002936857562408223,0.0,0.0021845237228509742,2,Antineoplastic
DAUNORUBICIN,0.002936857562408223,2.1594540900060463e-05,0.0001976739672360281,2,Antineoplastic
TECENTRIQ,0.002936857562408223,0.00288934957242809,3.037293349547222e-05,2,Antineoplastic
ONFI,0.002936857562408223,0.0,8.537325304504077e-05,2,Psycholeptic
CLOBAZAM,0.002936857562408223,0.00288934957242809,0.001586872351687233,2,Psycholeptic
INDAPAMIDE,0.002936857562408223,0.0,0.00567972377278096,2,Cardiovascular (Other)
VITAMIN B COMPLEX,0.002936857562408223,0.0,0.0034700976422393196,2,Alimentary/Metabolism
REBAMIPIDE,0.002936857562408223,0.0,0.0008739961378716675,2,Alimentary/Metabolism
PROAIR,0.002936857562408223,0.0,0.0010276440504053638,2,Anti-asthmatic
OPDIVO,0.002936857562408223,0.00288934957242809,3.2281615275741534e-05,2,Antineoplastic
LOXOPROFEN,0.002936857562408223,0.0,0.0007760428746851087,2,Anti-inflammatory (NSAID)
GENTAMICIN,0.002936857562408223,0.000509631165241427,0.003523996304709432,2,Narrow Therapeutic Index
CAPECITABINE,0.002936857562408223,0.0,0.006927332164606124,2,Antineoplastic
GEMCITABINE HYDROCHLORIDE,0.002936857562408223,0.0,0.001178364533950655,2,Antineoplastic
IVABRADINE,0.002936857562408223,0.0,0.004069234104178289,2,Cardiovascular (Other)
CALCIUM PHOSPHATE / CHOLECALCIFEROL,0.002936857562408223,0.0009156085341625637,0.0028851486373230417,2,Alimentary/Metabolism
OCREVUS,0.002936857562408223,0.00288934957242809,0.0024385060452208583,2,Immunosuppressant
TUMS,0.002936857562408223,0.0,0.006589448681800487,2,Alimentary/Metabolism
PRAVASTATIN SODIUM,0.002936857562408223,0.0,0.00505318069417099,2,Lipid Modifying
FLUCYTOSINE,0.002936857562408223,0.0,0.000903664412738272,2,Anti-infective (Other)
RYBELSUS,0.002936857562408223,7.774034724021767e-05,0.0006397256014137983,2,Antidiabetic
NOVORAPID,0.002936857562408223,0.0,0.0021687661713384442,2,Antidiabetic
PROGRAF,0.002936857562408223,0.0,0.0010831215537948945,2,Immunosuppressant
POMALYST,0.002936857562408223,0.0,0.0022266706661722524,2,Immunosuppressant
CALCIUM CARBONATE / CHOLECALCIFEROL / MAGNESIUM OXIDE,0.0014684287812041115,0.0,8.40418190610737e-05,1,Alimentary/Metabolism
COMPAZINE,0.0014684287812041115,0.0,0.00022277063976406677,1,Psycholeptic
ANASTROZOLE,0.0014684287812041115,0.0,0.0007022854327460242,1,Antineoplastic/Immuno (Other)
AKYNZEO,0.0014684287812041115,0.0,0.0009832806904880999,1,Alimentary/Metabolism
GLYBURIDE,0.0014684287812041115,0.0,0.0006809225230446314,1,Antidiabetic
ATROVENT,0.0014684287812041115,0.0,0.0014965089528480482,1,Anti-asthmatic
ENTECAVIR,0.0014684287812041115,0.0,0.0014963666388952018,1,Antiviral
BASAGLAR,0.0014684287812041115,0.0,0.0007162993725578576,1,Antidiabetic
BACTRIM DS,0.0014684287812041115,0.0,0.001482633594233882,1,Antibacterial
DOMPERIDONE MALEATE,0.0014684287812041115,0.0,0.0008651424024877831,1,Alimentary/Metabolism
METHIMAZOLE,0.0014684287812041115,0.0,4.458506788574651e-05,1,Hormonal
ALBUMIN HUMAN,0.0014684287812041115,0.0,0.0015911679207648687,1,Blood (Other)
BREZTRI,0.0014684287812041115,0.0,0.0014767014540604387,1,Anti-asthmatic
ERYTHROMYCIN,0.0014684287812041115,0.0,0.0016145239939180415,1,Antibacterial
FISHOIL,0.0014684287812041115,0.0,0.0012788445855692915,1,Unclassified
CEFAZOLIN SODIUM,0.0014684287812041115,0.0,0.00020892077849698142,1,Antibacterial
DEPAKOTE,0.0014684287812041115,0.0,1.6758380241809052e-05,1,Antiepileptic
ATEZOLIZUMAB,0.0014684287812041115,0.0,0.0,1,Antineoplastic
CRESTOR,0.0014684287812041115,0.0,0.0015003132727691522,1,Lipid Modifying
BEDAQUILINE,0.0014684287812041115,0.0,4.131841030324457e-06,1,Anti-infective (Other)
LIDOCAINE / PRILOCAINE,0.0014684287812041115,0.0,0.0010290021702326045,1,Cardiovascular (Other)
ANTI-THYMOCYTE GLOBULIN,0.0014684287812041115,0.0,0.0008855779357259437,1,Immunosuppressant
CLORHEXIDINA,0.0014684287812041115,0.0,0.006480580144020171,1,Dermatological
CHLORTHALIDONE,0.0014684287812041115,0.0,0.0003538291446631531,1,Cardiovascular (Other)
CHLORHEXIDINE GLUCONATE,0.0014684287812041115,0.0,0.008474249509505889,1,Blood (Other)
DOBUTAMINE,0.0014684287812041115,0.0,0.0003327529462976125,1,Cardiovascular (Other)
GIMERACIL\OTERACIL\TEGAFUR,0.0014684287812041115,0.0,4.6944899642666063e-07,1,Unclassified
FENOFIBRATE,0.0014684287812041115,0.0,0.002542695551775329,1,Lipid Modifying
NAPROXEN SODIUM,0.0014684287812041115,0.0,0.007407136058184046,1,Anti-inflammatory (NSAID)
FERROUS FUMARATE,0.0014684287812041115,0.0,0.0017996159616571854,1,Blood (Other)
REVLIMID,0.0014684287812041115,0.0,0.00044769335584232873,1,Immunosuppressant
GRANISETRON,0.0014684287812041115,0.0,0.006470712207158656,1,Alimentary/Metabolism
AZOSEMIDE,0.0014684287812041115,0.0,0.0006201005306967994,1,Cardiovascular (Other)
ELEXACAFTOR / IVACAFTOR / TEZACAFTOR,0.0014684287812041115,0.0,0.0,1,Respiratory (Other)
BROMAZEPAM,0.0014684287812041115,0.0,0.006434603205334935,1,Psycholeptic
REGUNEAL LCA,0.0014684287812041115,0.0,3.6593602814458826e-07,1,Unclassified
EMEND,0.0014684287812041115,0.0,0.0024041698090775426,1,Alimentary/Metabolism
BORTEZOMIB,0.0014684287812041115,0.0,0.00030431604514045643,1,Antineoplastic
ENVARSUS XR,0.0014684287812041115,0.0,0.0017056352913594759,1,Immunosuppressant
LITHIUM CARBONATE,0.0014684287812041115,0.0,0.0008551194079231168,1,Narrow Therapeutic Index
NICOTINE,0.0014684287812041115,0.0,0.0034281608665196026,1,Nervous System (Other)
CLARITIN,0.0014684287812041115,0.0,0.001252638870703142,1,Respiratory (Other)
LETAIRIS,0.0014684287812041115,0.0,0.0020026756241405368,1,Cardiovascular (Other)
TPN,0.0014684287812041115,0.0,0.0001742258258588405,1,Blood (Other)
BENZOYLECGONINE,0.0014684287812041115,0.0,0.0002233161058948679,1,Anesthetic
ISATUXIMAB,0.0014684287812041115,0.0,0.005453508452126928,1,Antineoplastic
MINOCICLINA,0.0014684287812041115,0.0,0.002101839739211702,1,Unclassified
ACUPAN,0.0014684287812041115,0.0,0.005398721373757554,1,Analgesic/Opioid
ELIGARD,0.0014684287812041115,0.0,0.0,1,Antineoplastic/Immuno (Other)
TRIMEPRAZINE,0.0014684287812041115,0.0,0.0010823870604031328,1,Respiratory (Other)
BASILIXIMAB,0.0014684287812041115,0.0,0.002363036413649679,1,Immunosuppressant
DIMENHYDRINATE,0.0014684287812041115,0.0,0.0015041583240811452,1,Respiratory (Other)
LOPERAMIDE HYDROCHLORIDE,0.0014684287812041115,0.0,0.004845405412130854,1,Alimentary/Metabolism
POLYETHYLENE GLYCOL 4000,0.0014684287812041115,0.0,0.004264914831557929,1,Alimentary/Metabolism
SOLU-MEDROL,0.0014684287812041115,0.0,0.0017022541051046473,1,Corticosteroid
AUGMENTIN,0.0014684287812041115,0.0,0.002373765875909871,1,Antibacterial
MEMANTINE,0.0014684287812041115,0.0,0.001204701162842065,1,Psychoanaleptic
ALVESCO,0.0014684287812041115,0.0,0.0,1,Anti-asthmatic
METHADONE HYDROCHLORIDE,0.0014684287812041115,0.0,0.00026658186003719397,1,Nervous System (Other)
NIVOLUMAB,0.0014684287812041115,0.0,0.00017421780898911767,1,Antineoplastic
TEICOPLANIN,0.0014684287812041115,0.0,0.0012672656762332298,1,Antibacterial
CHLORPROMAZINE,0.0014684287812041115,0.0,0.001287191473430222,1,Psycholeptic
RIFAXIMIN,0.0014684287812041115,0.0,0.00029817617392251846,1,Alimentary/Metabolism
CLOPIDOGREL BISULFATE,0.0014684287812041115,0.0,0.0022095356910827434,1,Antithrombotic
PAROXETINE HYDROCHLORIDE,0.0014684287812041115,0.0,0.00425414894435266,1,Psychoanaleptic
REMDESIVIR,0.0014684287812041115,0.0,0.0016556169567360733,1,Antiviral
SPIROCTAN,0.0014684287812041115,0.0,0.00018610973103453014,1,Cardiovascular (Other)
RIFAMPIN,0.0014684287812041115,0.0,0.0014541532469671634,1,Anti-infective (Other)
BUDESONIDE / FORMOTEROL / GLYCOPYRRONIUM,0.0014684287812041115,0.0,0.0001959710877216001,1,Anti-asthmatic
DESLORATADINE,0.0014684287812041115,0.0,0.003939137487135327,1,Respiratory (Other)
MEPOLIZUMAB,0.0014684287812041115,0.0,0.0,1,Anti-asthmatic
VANCOMYCIN HYDROCHLORIDE,0.0014684287812041115,0.0,0.0011252093329294829,1,Narrow Therapeutic Index
REVATIO,0.0014684287812041115,0.0,0.0006128826792562892,1,Genitourinary
LOMOTIL,0.0014684287812041115,0.0,0.00014365998080015374,1,Alimentary/Metabolism
AVASTIN,0.0014684287812041115,0.0,3.809288233599963e-07,1,Antineoplastic
AVIBACTAM / CEFTAZIDIME,0.0014684287812041115,0.0,0.0013962607454055028,1,Antibacterial
TIGECYCLINE,0.0014684287812041115,0.0,0.0010651468100903753,1,Antibacterial
ATRACURIUM,0.0014684287812041115,0.0,0.00037892052439643343,1,Musculoskeletal (Other)
IMFINZI,0.0014684287812041115,0.0,0.00025383059120047554,1,Antineoplastic
RIVOTRIL,0.0014684287812041115,0.0,0.0011165503391217296,1,Antiepileptic
PAXLOVID,0.0014684287812041115,0.0,0.0009369091428533572,1,Antiviral
NICORANDIL,0.0014684287812041115,0.0,0.001041898489281533,1,Cardiovascular (Other)
DIANEAL PD-2 WITH DEXTROSE,0.0014684287812041115,0.0,1.373637577931496e-05,1,Unclassified
ZINCUM METALLICUM,0.0014684287812041115,0.0,0.002121643930680636,1,Unclassified
FLUOXETINE HYDROCHLORIDE,0.0014684287812041115,0.0,0.0005492227053246673,1,Psychoanaleptic
RITONAVIR,0.0014684287812041115,0.0,0.0010692911639299378,1,Antiviral
FLUMETHASONE PIVALATE,0.0014684287812041115,0.0,0.005042578170105617,1,Dermatological
VICTOZA,0.0014684287812041115,0.0,0.0008212487506549294,1,Antidiabetic
POLARAMINE,0.0014684287812041115,0.0,0.0028477340715924266,1,Respiratory (Other)
ICATIBANT,0.0014684287812041115,0.0,0.0003220376546831161,1,Blood (Other)
THIOTEPA,0.0014684287812041115,0.0,0.0006435220570470896,1,Antineoplastic
TREMFYA,0.0014684287812041115,0.0,0.001350902223238077,1,Immunosuppressant
TIRAGOLUMAB,0.0014684287812041115,0.0,0.0,1,Unclassified
SIROLIMUS,0.0014684287812041115,0.0,0.0006217442723411639,1,Antineoplastic
ANORO ELLIPTA,0.0014684287812041115,0.0,0.0006194955593895494,1,Anti-asthmatic
GOLD,0.0014684287812041115,0.0,0.0027117602353609986,1,Anti-inflammatory (NSAID)
KETOROLAC,0.0014684287812041115,0.0,0.0029128833559636845,1,Anti-inflammatory (NSAID)
ZOLPIDEM TARTRATE,0.0014684287812041115,0.0,0.0023712111087695986,1,Psycholeptic
PYRIDOXINE,0.0014684287812041115,0.0,0.0016337064216354466,1,Alimentary/Metabolism
RUXOLITINIB,0.0014684287812041115,0.0,0.0005972882610958043,1,Antineoplastic
DOCUSATE,0.0014684287812041115,0.0,0.002349665376683111,1,Alimentary/Metabolism
PIRIDOSTIGMINA,0.0014684287812041115,0.0,0.00013799363377584609,1,Nervous System (Other)
ACETAMINOPHEN / CODEINE,0.0014684287812041115,0.0,0.004159486879724645,1,Analgesic/Opioid
RETINOL,0.0014684287812041115,0.0,0.0014598181941482644,1,Unclassified
DOCETAXEL,0.0014684287812041115,0.0,0.0009311720957184569,1,Antineoplastic
NEUPRO,0.0014684287812041115,0.0,0.00023963391707553544,1,Nervous System (Other)
ELTROMBOPAG OLAMINE,0.0014684287812041115,0.0,0.0013843462231425722,1,Blood (Other)
VIDAZA,0.0014684287812041115,0.0,0.00019349363849129812,1,Antineoplastic
ROCURONIUM BROMIDE,0.0014684287812041115,0.0,0.0002256619639520498,1,Musculoskeletal (Other)
KALYDECO,0.0014684287812041115,0.0,0.0,1,Respiratory (Other)
ESOMEPRAZOLE MAGNESIUM,0.0014684287812041115,0.0,0.0009043581274751144,1,Alimentary/Metabolism
CALONAL,0.0014684287812041115,0.0,0.0010435827829900829,1,Analgesic/Opioid
CLAVULANIC ACID,0.0014684287812041115,0.0,0.00038373091913364705,1,Antibacterial
PHLOROGLUCINOL,0.0014684287812041115,0.0,0.0028142640160345655,1,Alimentary/Metabolism
BISACODYL,0.0014684287812041115,0.0,0.002946982290971725,1,Alimentary/Metabolism
DUTASTERIDE,0.0014684287812041115,0.0,0.000808263085050922,1,Genitourinary
ZOLEDRONIC ACID,0.0014684287812041115,0.0,0.00082974349383506,1,Musculoskeletal (Other)
VALGANCICLOVIR,0.0014684287812041115,0.0,0.0018630328744407428,1,Antiviral
ACETAMINOPHEN\CODEINE PHOSPHATE,0.0014684287812041115,0.0,0.0030434472387184104,1,Analgesic/Opioid
ALENDRONATE / CHOLECALCIFEROL,0.0014684287812041115,0.0,0.003364714543460956,1,Musculoskeletal (Other)
AZILSARTAN KAMEDOXOMIL,0.0014684287812041115,0.0,0.0008501682962981924,1,RAAS Inhibitor
REPAGLINIDE,0.0014684287812041115,0.0,0.0009149721946610382,1,Antidiabetic
STERILE WATER,0.0014684287812041115,0.0,0.00020574342220109322,1,Unclassified
METOCLOPRAMIDE HYDROCHLORIDE,0.0014684287812041115,0.0,0.0027824265823902933,1,Alimentary/Metabolism
TAFASITAMAB,0.0014684287812041115,0.0,0.0008018267330738746,1,Antineoplastic
CAFFEINE,0.0014684287812041115,0.0,0.0031102627920377704,1,Psychoanaleptic
RIVASTIGMINE,0.0014684287812041115,0.0,0.0003699395869113345,1,Psychoanaleptic
TAVNEOS,0.0014684287812041115,0.0,0.001586341816644503,1,Immunosuppressant
NUPLAZID,0.0014684287812041115,0.0,7.22135019787565e-05,1,Psycholeptic
DALFAMPRIDINE,0.0014684287812041115,0.0,3.4686746947385325e-05,1,Nervous System (Other)
NEXIUM,0.0014684287812041115,0.0,0.0011231464597508604,1,Alimentary/Metabolism
IDARUBICIN HYDROCHLORIDE,0.0014684287812041115,0.0,0.0002448292665412048,1,Antineoplastic
ROTIGOTINE,0.0014684287812041115,0.0,0.0002660061854307052,1,Nervous System (Other)
TEMOZOLOMIDE,0.0014684287812041115,0.0,0.0010157249212244192,1,Antineoplastic
DEXILANT,0.0014684287812041115,0.0,0.002591838431509745,1,Alimentary/Metabolism
XCOPRI,0.0014684287812041115,0.0,2.012181109223883e-05,1,Antiepileptic
MOMETASONE FUROATE,0.0014684287812041115,0.0,0.0025734445114385736,1,Anti-asthmatic
LIPOGEN,0.0014684287812041115,0.0,0.00011308014017117426,1,Unclassified
LANADELUMAB,0.0014684287812041115,0.0,0.0002905480444454705,1,Blood (Other)
SEVOFLURANE,0.0014684287812041115,0.0,8.874773123963082e-06,1,Anesthetic
DOXAZOSINA,0.0014684287812041115,0.0,0.000978524694234542,1,Unclassified
NOURIANZ,0.0014684287812041115,0.0,0.0002536880531806733,1,Nervous System (Other)
FLUVOXAMINE,0.0014684287812041115,0.0,0.0022929731743820494,1,Psychoanaleptic
OXYCONTIN,0.0014684287812041115,0.0,0.0006370180887547857,1,Analgesic/Opioid
LEVEMIR,0.0014684287812041115,0.0,0.0005145101850608048,1,Antidiabetic
COLESTYRAMINE,0.0014684287812041115,0.0,0.0033087334454187803,1,Lipid Modifying
ISONIAZID,0.0014684287812041115,0.0,0.0015452911610635907,1,Anti-infective (Other)
TOPOTECAN,0.0014684287812041115,0.0,0.000875610326279116,1,Antineoplastic
ERBITUX,0.0014684287812041115,0.0,0.0008285771031850788,1,Antineoplastic
COZAAR,0.0014684287812041115,0.0,0.0007972998396880633,1,RAAS Inhibitor
DEVICE,0.0014684287812041115,0.0,0.0,1,Unclassified
TREPROSTINIL SODIUM,0.0014684287812041115,0.0,0.0010863630397725237,1,Antithrombotic
MONTELUKAST,0.0014684287812041115,0.0,0.0006203322277186321,1,Anti-asthmatic
SEROQUEL,0.0014684287812041115,0.0,0.00027480615158598524,1,Psycholeptic
DARATUMUMAB/HYALURONIDASE-FIHJ,0.0014684287812041115,0.0,0.003250860513283747,1,Unclassified
TRESIBA,0.0014684287812041115,0.0,0.001439660743732125,1,Antidiabetic
VYXEOS,0.0014684287812041115,0.0,0.00015823201281217123,1,Antineoplastic
MIRABEGRON,0.0014684287812041115,0.0,0.0023218495324147993,1,Genitourinary
HYDROXYUREA,0.0014684287812041115,0.0,0.0009613111680613235,1,Antineoplastic
LATANOPROST,0.0014684287812041115,0.0,0.0010090196365978687,1,Sensory
TOUJEO,0.0014684287812041115,0.0,0.00014174048254271597,1,Antidiabetic
ZETIA,0.0014684287812041115,0.0,0.0006834230109779198,1,Lipid Modifying
PROMETHAZINE,0.0014684287812041115,0.0,0.0018765514554181025,1,Respiratory (Other)
OXYBUTYNIN,0.0014684287812041115,0.0,0.0006807061098065693,1,Genitourinary
TOLVAPTAN,0.0014684287812041115,0.0,0.0015030933169377508,1,Cardiovascular (Other)
ZUCLOPENTHIXOL,0.0014684287812041115,0.0,0.00013282112718548486,1,Psycholeptic
VYALEV,0.0014684287812041115,0.0,0.0002770937266236243,1,Nervous System (Other)
LABETOLOL,0.0014684287812041115,0.0,0.0007490528827413771,1,Beta Blocker
ISOSORBIDI DINITRAS,0.0014684287812041115,0.0,0.000813974241548358,1,Cardiovascular (Other)
COCODAMOL,0.0014684287812041115,0.0,8.04509672346138e-05,1,Analgesic/Opioid
VIMPAT,0.0014684287812041115,0.0,1.4513402140374577e-05,1,Antiepileptic
